Modality	StudyDescription	LOINC code	L-Long Common Name
CT	(blank)	25045-6	CT Unspecified body region
CT	PET CT FDG IMAG SKULL TO THIGH	81555-5	PET+CT Guidance for localization of tumor of Whole body-- W 18F-FDG IV
CT	CHEST PE(Adult)	79077-4	CTA Pulmonary arteries for pulmonary embolus W contrast IV
CT	CT CHEST PULMONARY ANGIO WITH IV CON	79077-4	CTA Pulmonary arteries for pulmonary embolus W contrast IV
CT	CT CHEST PULMONARY EMBOLISM (CTPE)	79077-4	CTA Pulmonary arteries for pulmonary embolus W contrast IV
CT	CT PE CHEST	79077-4	CTA Pulmonary arteries for pulmonary embolus W contrast IV
CT	CTA CHEST (PE STUDY) W CONTRAST	79077-4	CTA Pulmonary arteries for pulmonary embolus W contrast IV
CT	CTA PE CHEST W	79077-4	CTA Pulmonary arteries for pulmonary embolus W contrast IV
CT	LUNG PERFU SION IMAGING	79077-4	CTA Pulmonary arteries for pulmonary embolus W contrast IV
CT	THORAX PE	79077-4	CTA Pulmonary arteries for pulmonary embolus W contrast IV
CT	THORAX PE + LOW DOSE	79077-4	CTA Pulmonary arteries for pulmonary embolus W contrast IV
CT	Thorax^CT_PE (Adult)	79077-4	CTA Pulmonary arteries for pulmonary embolus W contrast IV
CT	Thorax^DE_CHEST_PE (Adult)	79077-4	CTA Pulmonary arteries for pulmonary embolus W contrast IV
CT	Thorax^DE_CHEST_PE_Customized (Adult)	79077-4	CTA Pulmonary arteries for pulmonary embolus W contrast IV
CT	Thorax^DE_PE (Adult)	79077-4	CTA Pulmonary arteries for pulmonary embolus W contrast IV
CT	Thorax^FLASH_PE (Adult)	79077-4	CTA Pulmonary arteries for pulmonary embolus W contrast IV
CT	Thorax^PE (Adult)	79077-4	CTA Pulmonary arteries for pulmonary embolus W contrast IV
CT	Thorax^PE_STUDY (Adult)	79077-4	CTA Pulmonary arteries for pulmonary embolus W contrast IV
CT	Thorax^XL_PE (Adult)	79077-4	CTA Pulmonary arteries for pulmonary embolus W contrast IV
CT	Thorax^XL_PE_Customized (Adult)	79077-4	CTA Pulmonary arteries for pulmonary embolus W contrast IV
CT	Vascular^CTA_PE_GR (Adult)	79077-4	CTA Pulmonary arteries for pulmonary embolus W contrast IV
CT	Vascular^PE_STUDY (Adult)	79077-4	CTA Pulmonary arteries for pulmonary embolus W contrast IV
CT	CT ANGIOGRAPHY NECK	"	36234-3"	CTA Neck vessels W contrast IV
CT	CCTA HEART W CONTRAST+CT CHEST WO CONTRST-CT SURGERY	86980-0	CTA Heart and Coronary arteries WO and W contrast IV
CT	CARDIAC CORONARY CTA	79073-3	CTA Heart and Coronary arteries W contrast IV
CT	CT HEART FOR CONGENITAL HEART DISEASE	79073-3	CTA Heart and Coronary arteries W contrast IV
CT	CTA CORONARY	79073-3	CTA Heart and Coronary arteries W contrast IV
CT	CT ANGIOGRAPHY NECK AND HEAD	37498-3	CTA Head vessels and Neck vessels W contrast IV
CT	CT ANGIO CHEST WWO	30804-9	CTA Chest vessels WO and W contrast IV
CT	CT ANGIO CHEST W	36266-5	CTA Chest vessels W contrast IV
CT	CT ANGIOGRAM CHEST	36266-5	CTA Chest vessels W contrast IV
CT	CTA CHEST-CS	36266-5	CTA Chest vessels W contrast IV
CT	Vascular^3_PULMONARY_VEIN (Adult)	36266-5	CTA Chest vessels W contrast IV
CT	CTA CHEST ABDOMEN PELVIS WWO	83298-0	CTA Chest vessels and Abdominal vessels and Pelvis vessels WO and W contrast IV
CT	CT Angio Chest	86981-8	CTA Chest vessels
CT	CTA CHEST AND ABDOMEN (THORACOABDOMNAL DISSECTION) WWO CONTRAST	86971-9	CTA Chest and abdominal vessels WO and W contrast IV
CT	Thorax^CTA_AAA_Customized (Adult)	86982-6	CTA Chest and abdominal vessels W contrast IV
CT	CT ANGIO ABD AND PEL WWO IV CONT	82679-2	CTA Abdominal vessels and Pelvis vessels WO and W contrast IV
CT	CODE_T_CT_ANGIO_ABD_AND_PEL_WITH_IV_CON_WITH_CHEST_IMAG	69908-2	CTA Abdominal vessels and Pelvis vessels W contrast IV
CT	PET^1HPPETCT_WholeBody (Adult)	46305-9	CT Whole body
CT	CODE_T_CT_THOR_LMBR_SPINAL_REFORMATS	83294-9	CT Thoracic and lumbar spine W contrast IV
CT	Pelvis^CT_PELVIS_WITH (Adult)	24866-6	CT Pelvis W contrast IV
CT	Pelvis^PELVIS_HIP (Adult)	24865-8	CT Pelvis
CT	CT CORONARY CALCIUM SCORE	79087-3	CT Heart and Coronary arteries for calcium scoring WO contrast
CT	Cardiac^LA_MODEL (Adult)	58744-4	CT Heart
CT	CT BRAIN WITHOUT CONTRAST	30799-1	CT Head WO contrast
CT	CT HEAD WO CONTRAST	30799-1	CT Head WO contrast
CT	Head^CT_HEAD_WO (Adult)	30799-1	CT Head WO contrast
CT	Head^DE_HEAD_WITHOUT (Adult)	30799-1	CT Head WO contrast
CT	Head^DE_HEAD_WITHOUT_Customized (Adult)	30799-1	CT Head WO contrast
CT	Head^HEAD (Adult)	30799-1	CT Head WO contrast
CT	Head^ROUTINE_DE_HEAD (Adult)	30799-1	CT Head WO contrast
CT	CT CODE STROKE (BRAIN WO, CTA, PERFUSION)	24726-2	CT Head WO and W contrast IV
CT	CT HEAD WWO CONTRAST	24726-2	CT Head WO and W contrast IV
CT	IR CT CHEST TUBE	35938-0 	CT Guidance for placement of tube in Chest
CT	CT CHEST BIOPSY	35895-2	CT Guidance for biopsy of Chest
CT	CT FACE SINUSES WO CONTRAST	72249-6	CT Facial bones WO contrast
CT	CT ESOPHAGRAM	35969-5	CT Esophagus
CT	CHEST W/O CONTRAST (CT)-CS	29252-4	CT Chest WO contrast
CT	CHEST WO(Adult)	29252-4	CT Chest WO contrast
CT	CT CHEST HIGH RESOLUTION	29252-4	CT Chest WO contrast
CT	CT CHEST WITHOUT CONTRAST	29252-4	CT Chest WO contrast
CT	CT CHEST WITHOUT IV CONTRAST	29252-4	CT Chest WO contrast
CT	CT CHEST WO	29252-4	CT Chest WO contrast
CT	CT CHEST WO CONTRAST	29252-4	CT Chest WO contrast
CT	CT CHEST WO CONTRAST (LOW DOSE FOR NODULE FOLLOW UP)	29252-4	CT Chest WO contrast
CT	CT CHEST WO IV CONT	29252-4	CT Chest WO contrast
CT	CT CHEST WO IV CONTRAST	29252-4	CT Chest WO contrast
CT	HIGH RES CHEST(Adult)	29252-4	CT Chest WO contrast
CT	Thorax^CHEST_WITHOUT (Adult)	29252-4	CT Chest WO contrast
CT	Thorax^CHEST_WITHOUT_Customized (Adult)	29252-4	CT Chest WO contrast
CT	Thorax^CHEST_WO (Adult)	29252-4	CT Chest WO contrast
CT	Thorax^CHEST_WO_GR (Adult)	29252-4	CT Chest WO contrast
CT	Thorax^CT_CHEST_WITHOUT (Adult)	29252-4	CT Chest WO contrast
CT	Thorax^FLASH_CHEST_WO (Adult)	29252-4	CT Chest WO contrast
CT	Thorax^ILD (Adult)	29252-4	CT Chest WO contrast
CT	Thorax^ROUTINE_CHEST_WITHOUT (Adult)	29252-4	CT Chest WO contrast
CT	Thorax^ROUTINE_CHEST_WO (Adult)	29252-4	CT Chest WO contrast
CT	Thorax^XL_CHEST_WO (Adult)	29252-4	CT Chest WO contrast
CT	CT CHEST WITH AND WITHOUT CONTRAST	30598-7	CT Chest WO and W contrast IV
CT	CTA CHEST (THORACIC DISSECTION) WWO CONTRAST	30598-7	CT Chest WO and W contrast IV
CT	CHEST W/CONTRAST (CT)-CS	24628-0	CT Chest W contrast IV
CT	CHEST_WITH(Adult)	24628-0	CT Chest W contrast IV
CT	CT CHEST W	24628-0	CT Chest W contrast IV
CT	CT CHEST W CONTRAST	24628-0	CT Chest W contrast IV
CT	CT CHEST WITH CONTRAST	24628-0	CT Chest W contrast IV
CT	CT CHEST WITH IV CONT	24628-0	CT Chest W contrast IV
CT	THORAX + CONT	24628-0	CT Chest W contrast IV
CT	Thorax^CHEST_WITH (Adult)	24628-0	CT Chest W contrast IV
CT	Thorax^CHEST_WITH_GR (Adult)	24628-0	CT Chest W contrast IV
CT	Thorax^CT_CHEST_WITH (Adult)	24628-0	CT Chest W contrast IV
CT	Thorax^FLASH_CHEST_WITH_ (Adult)	24628-0	CT Chest W contrast IV
CT	Thorax^ROUTINE_CHEST_WITH (Adult)	24628-0	CT Chest W contrast IV
CT	Thorax^XL_CHEST_WITH (Adult)	24628-0	CT Chest W contrast IV
CT	TUMOR LOCALWHOLE BODY SINGLE	47366-0	CT Chest limited WO contrast
CT	CT LUNG CANCER SCREENING	79086-5	CT Chest for screening WO contrast
CT	LUNG LW DOSE_LUNG SCREEN(Adult)	79086-5	CT Chest for screening WO contrast
CT	Thorax^CHEST_LOW_DOSE_NODULE_FUP_WO (Adult)	79086-5	CT Chest for screening WO contrast
CT	Thorax^LUNG_CANCER_SCRN_LOW_DOSE_CM (Adult)	79086-5	CT Chest for screening WO contrast
CT	THORAX LOW DOSE	87279-6	CT Chest for screening
CT	CT CHEST AND UPPER ABD WO	42276-6	CT Chest and Abdomen WO contrast
CT	Thorax^THORACIC_DISSECTION (Adult)	42277-4	CT Chest and Abdomen WO and W contrast IV
CT	CT CHEST ABDOMEN W CONTRAST (ROUTINE)	42275-8	CT Chest and Abdomen W contrast IV
CT	CT CHEST AND UPPER ABD W	42275-8	CT Chest and Abdomen W contrast IV
CT	Abdomen^1_ROUTINE_CAP_WO (Adult)	72253-8	CT Chest and Abdomen and Pelvis WO contrast
CT	CT ABD PELVIS(WITH CHEST IMAGES) WO IV CON	72253-8	CT Chest and Abdomen and Pelvis WO contrast
CT	CT CHEST ABDOMEN PELVIS WO	72253-8	CT Chest and Abdomen and Pelvis WO contrast
CT	CT CHEST ABDOMEN PELVIS WO CONTRAST (ROUTINE)	72253-8	CT Chest and Abdomen and Pelvis WO contrast
CT	Thorax^CHEST_ABD_PEL_WO (Adult)	72253-8	CT Chest and Abdomen and Pelvis WO contrast
CT	Thorax^CT_CAP_WITHOUT (Adult)	72253-8	CT Chest and Abdomen and Pelvis WO contrast
CT	Thorax^FLASH_CAP_WO (Adult)	72253-8	CT Chest and Abdomen and Pelvis WO contrast
CT	Thorax^ROUTINE_CHEST_ABD_PEL_WITHOUT (Adult)	72253-8	CT Chest and Abdomen and Pelvis WO contrast
CT	Vascular^DISSECTION_CTA_CAP (Adult)	83299-8	CT Chest and Abdomen and Pelvis WO and W contrast IV and CTA Thoracic and abdominal aorta WO and W contrast IV
CT	CAP_WITH(Adult)	72254-6	CT Chest and Abdomen and Pelvis W contrast IV
CT	CT ABD PELVIS(WITH CHEST IMAGES) W IV CON	72254-6	CT Chest and Abdomen and Pelvis W contrast IV
CT	CT CHEST ABDOMEN PELVIS W	72254-6	CT Chest and Abdomen and Pelvis W contrast IV
CT	CT CHEST ABDOMEN PELVIS W CONTRAST (ROUTINE)	72254-6	CT Chest and Abdomen and Pelvis W contrast IV
CT	CT CHEST ABDOMEN PELVIS W CONTRAST (TRAUMA)	72254-6	CT Chest and Abdomen and Pelvis W contrast IV
CT	CT LEVEL CHEST ABDOMEN PELVIS W ED	72254-6	CT Chest and Abdomen and Pelvis W contrast IV
CT	CT P CHEST ABDOMEN PELVIS W	72254-6	CT Chest and Abdomen and Pelvis W contrast IV
CT	THORAX/ABDOMEN/PELVIS + CONT	72254-6	CT Chest and Abdomen and Pelvis W contrast IV
CT	Thorax^C_A_P_WITH_GR (Adult)	72254-6	CT Chest and Abdomen and Pelvis W contrast IV
CT	Thorax^CHEST_ABD_PEL_WITH (Adult)	72254-6	CT Chest and Abdomen and Pelvis W contrast IV
CT	Thorax^CHEST_ABD_PELVIS_W (Adult)	72254-6	CT Chest and Abdomen and Pelvis W contrast IV
CT	Thorax^CT_CAP_WITH (Adult)	72254-6	CT Chest and Abdomen and Pelvis W contrast IV
CT	Thorax^CTA_CAP (Adult)	72254-6	CT Chest and Abdomen and Pelvis W contrast IV
CT	Thorax^FLASH_CAP_WITH (Adult)	72254-6	CT Chest and Abdomen and Pelvis W contrast IV
CT	Thorax^ROUTINE_CHEST_ABD_PEL_WITH (Adult)	72254-6	CT Chest and Abdomen and Pelvis W contrast IV
CT	Thorax^ROUTINE_CHEST_ABD_PELVIS_W (Adult)	72254-6	CT Chest and Abdomen and Pelvis W contrast IV
CT	Thorax^XL_CAP_WITH (Adult)	72254-6	CT Chest and Abdomen and Pelvis W contrast IV
CT	TRAUMA CT ABD PEL 2PHASE WITH IV CON WITH CHEST IMAGES	72254-6	CT Chest and Abdomen and Pelvis W contrast IV
CT	Abdomen^1_ROUTINE_CAP (Adult)	87869-4	CT Chest and Abdomen and Pelvis
CT	CT CHEST ABDOMEN PELVI	87869-4	CT Chest and Abdomen and Pelvis
CT	CT SPINE CERVICAL WO CONTRAST	30592-0	CT Cervical spine WO contrast
CT	Abdomen^ABD_WO_GR (Adult)	36424-0	CT Abdomen WO contrast
CT	Abdomen^STONE_STUDY (Adult)	36424-0	CT Abdomen WO contrast
CT	CT ABD WO IV CONT	36424-0	CT Abdomen WO contrast
CT	Abdomen^HEMATURIA_OVER_45 (Adult)	36267-3	CT Abdomen WO and W contrast IV
CT	CT CHEST PELVIS W ABDOMEN WWO	87864-5	CT Abdomen WO and CT Chest and Abdomen and Pelvis W contrast IV
CT	Abdomen^ABD_WITH_GR (Adult)	79103-8	CT Abdomen W contrast IV
CT	Abdomen^CT_AP_WITH (Adult)	79103-8	CT Abdomen W contrast IV
CT	Abdomen^2_ROUTINE_AP_WO (Adult)	36952-0	CT Abdomen and Pelvis WO contrast
CT	Abdomen^ABD_PEL_WO (Adult)	36952-0	CT Abdomen and Pelvis WO contrast
CT	Abdomen^CT_AP_WO (Adult)	36952-0	CT Abdomen and Pelvis WO contrast
CT	Abdomen^CT_UROGRAM_STONE_STUDY (Adult)	36952-0	CT Abdomen and Pelvis WO contrast
CT	Abdomen^ROUTINE_ABD_PEL_WITHOUT (Adult)	36952-0	CT Abdomen and Pelvis WO contrast
CT	Abdomen^ROUTINE_AP_WO_Customized (Adult)	36952-0	CT Abdomen and Pelvis WO contrast
CT	Abdomen^STONE (Adult)	36952-0	CT Abdomen and Pelvis WO contrast
CT	Abdomen^STONE_STUDY_FULL (Adult)	 36952-0	CT Abdomen and Pelvis WO contrast
CT	CT ABD AND PELVIS WO CONTRAST-CS	36952-0	CT Abdomen and Pelvis WO contrast
CT	CT ABD AND PELVIS WO IV CONT	36952-0	CT Abdomen and Pelvis WO contrast
CT	CT ABD AND PELVIS WO IV CONTRAST	36952-0	CT Abdomen and Pelvis WO contrast
CT	CT ABDOMEN PELVIS WO CONTRAST (ROUTINE)	36952-0	CT Abdomen and Pelvis WO contrast
CT	CT ABDOMEN PELVIS WO CONTRAST (STONE)	36952-0	CT Abdomen and Pelvis WO contrast
CT	CT ABD AND PELVIS WWO IV CONT	42274-1	CT Abdomen and Pelvis WO and W contrast IV
CT	CT ABDOMEN PELVIS WWO (UROGRAM)	42274-1	CT Abdomen and Pelvis WO and W contrast IV
CT	CT ABDOMEN PELVIS WWO CONTRAST	42274-1	CT Abdomen and Pelvis WO and W contrast IV
CT	CT ABDOMEN PELVIS WWO CONTRAST (ISCHEMIA)	42274-1	CT Abdomen and Pelvis WO and W contrast IV
CT	Abdomen^2_ROUTINE_AP (Adult)	36813-4	CT Abdomen and Pelvis W contrast IV
CT	Abdomen^ABD_PEL_WITH (Adult)	36813-4	CT Abdomen and Pelvis W contrast IV
CT	Abdomen^ABDOMEN_PELVIS_W_ROUTINE (Adult)	36813-4	CT Abdomen and Pelvis W contrast IV
CT	Abdomen^DE_ROUTINE_AP_WITH_OVER_50_Customized (Adult)	36813-4	CT Abdomen and Pelvis W contrast IV
CT	Abdomen^DE_ROUTINE_AP_WITH_UNDER_50_Customized (Adult)	36813-4	CT Abdomen and Pelvis W contrast IV
CT	Abdomen^ROUTINE_ABD_PEL_WITH (Adult)	36813-4	CT Abdomen and Pelvis W contrast IV
CT	CT ABD AND PELVIS WITH IV CONT	36813-4	CT Abdomen and Pelvis W contrast IV
CT	CT ABD AND PELVIS WITH IV CONTRAST	36813-4	CT Abdomen and Pelvis W contrast IV
CT	CT ABD/PEL WITH IV CONTRAST	36813-4	CT Abdomen and Pelvis W contrast IV
CT	CT ABDOMEN PELVIS W CONTRAST (ROUTINE)	36813-4	CT Abdomen and Pelvis W contrast IV
CT	CT CHEST PULMONARY EMBOLISM W CONTRAST	79077-4	CTA Pulmonary arteries for pulmonary embolus W contrast IV
CT	CT CHEST PULMONARY EMB	79077-4	CTA Pulmonary arteries for pulmonary embolus W contrast IV
CT	CT CHEST ABDOMEN PELVIS W CONTRAST	72254-6	CT Chest and Abdomen and Pelvis W contrast IV
CT	CTA CHEST PULMONARY ANGIOGRAPHY W CONTRAST	79077-4	CTA Pulmonary arteries for pulmonary embolus W contrast IV
CT	CT CHEST ABDOMEN PELVIS WO CONTRAST	72253-8	CT Chest and Abdomen and Pelvis WO contrast
CT	JCCI CT CHEST	24627-2	CT Chest
CT	CT THORAX PE EXAM	79077-4	CTA Pulmonary arteries for pulmonary embolus W contrast IV
CT	Abdomen^STONE_STUDY_FULL (Adult)	36952-0	CT Abdomen and Pelvis WO contrast
CT	CTA CHEST PULMONARY AN	79077-4	CTA Pulmonary arteries for pulmonary embolus W contrast IV
CT	CT CHEST LUNG CANCER SCREENING WITHOUT CONTRAST ANNUAL	79086-5	CT Chest for screening WO contrast
CT	THORAX/ABDOMEN/PELVIS, CONT	72254-6	CT Chest and Abdomen and Pelvis W contrast IV
CT	CARDIAC OP	58744-4	CT Heart
CT	JCCI CT CHEST WITHOUT	29252-4	CT Chest WO contrast
CT	CT Chest w/o IV Contrast	29252-4	CT Chest WO contrast
CT	CT CAP W CONTRAST	72254-6	CT Chest and Abdomen and Pelvis W contrast IV
CT	CT CHEST ABDOMEN PELVIS W WO CONTRAST	72252-0	CT Chest and Abdomen and Pelvis WO and W contrast IV
CT	CT ANGIOGRAPHY NECK	"	36234-3"	CTA Neck vessels W contrast IV
CR, DX	[blank]	43468-8	XR Unspecified body region Views
CR, DX	FLAT PLATE OF ABDOMEN PORTABLE	36588-2	Portable XR Abdomen AP
CR, DX	ABD SERIES FLAT AND ERECT PORTABLE	24795-7	Portable XR Abdomen Supine and Upright
CR, DX	CHEST AP PORTABLE	36589-0	Portable XR Chest AP single view
CR, DX	CHEST PORT 1 VIEW (RAD)-CS	36589-0	Portable XR Chest AP single view
CR, DX	CHEST PORTABLE	36589-0	Portable XR Chest AP single view
CR, DX	CHEST PORTABLE AP	36589-0	Portable XR Chest AP single view
CR, DX	Chest Single View Adult Portable	36589-0	Portable XR Chest AP single view
CR, DX	CR DIAG-PORTABLE CHEST	36589-0	Portable XR Chest AP single view
CR, DX	DXR: Chest AP - Portable	36589-0	Portable XR Chest AP single view
CR, DX	LCMC XR CHEST 1 VW PORTABLE	36589-0	Portable XR Chest AP single view
CR, DX	XR Chest 1 View Portable	36589-0	Portable XR Chest AP single view
CR, DX	XR CHEST AP 1V PORTABLE	36589-0	Portable XR Chest AP single view
CR, DX	XR CHEST MORNING ROUTINE PORTABLE	36589-0	Portable XR Chest AP single view
CR, DX	XR CHEST PORTABLE 1 VIEW	36589-0	Portable XR Chest AP single view
CR, DX	XR P CHEST 1 VIEW	36589-0	Portable XR Chest AP single view
CR, DX	XR P PORT CHEST 1 VIEW	36589-0	Portable XR Chest AP single view
CR, DX	XR PORT CHEST 1V	36589-0	Portable XR Chest AP single view
CR, DX	XR PORT CHEST 1V - RFO	36589-0	Portable XR Chest AP single view
CR, DX	XR PORT CHEST 1V LINE PLCMNT - INITIAL ONLY	36589-0	Portable XR Chest AP single view
CR, DX	XR CHEST PORTABLE	30746-2	Portable XR Chest Views
CR, DX	CHEST AP CENTRAL LINE PL PORTABLE	24632-2	Portable XR Chest Views AP
CR, DX	CHEST AP PORT	24632-2	Portable XR Chest Views AP
CR, DX	CHEST AP PORT CENTRAL LINE PL	24632-2	Portable XR Chest Views AP
CR, DX	CHEST AP VIEWONLY	24632-2	Portable XR Chest Views AP
CR, DX	XR CHEST AP PORTABLE	24632-2	Portable XR Chest Views AP
CR, DX	CHEST INSPIR/EXPIR (RAD)-CS	24634-8	Portable XR Chest Views W inspiration and expiration
CR, DX	ABDOMEN SUPINE KUB	24799-9	XR Abdomen AP
CR, DX	KUB (RAD)-CS	24799-9	XR Abdomen AP
CR, DX	ABDOMEN SERIES FLAT AND ERECT	24798-1	XR Abdomen Supine and Upright
CR, DX	XR ABDOMEN (W/UPRIGHT)	24798-1	XR Abdomen Supine and Upright
CR, DX	CHEST - 2 VIEW	36643-5	XR Chest 2 Views
CR, DX	Chest 2V	36643-5	XR Chest 2 Views
CR, DX	DG CHEST 2V	36643-5	XR Chest 2 Views
CR, DX	XR CHEST PA AND LATERAL	36643-5	XR Chest 2 Views
CR, DX	XR CHEST/ABDOMEN 1 VIEW FOR FEEDING T	42699-9	XR Chest and Abdomen Single view
CR, DX	CHEST AP VIEW ONLY	36572-6	XR Chest AP
CR, DX	XR CHEST 1 VIEW AP	36572-6	XR Chest AP
CR, DX	XR Chest 1 View Frontal	36572-6	XR Chest AP
CR, DX	XR CHEST AP ONLY	36572-6	XR Chest AP
CR, DX	Chest children	36687-2	XR Chest AP and Lateral
CR, DX	CHEST 2 VIEWS	42272-5	XR Chest PA and Lateral
CR, DX	CHEST PA & LATERAL (RAD)-CS	42272-5	XR Chest PA and Lateral
CR, DX	XR CHEST 2 VIEWS	42272-5	XR Chest PA and Lateral
CR, DX	XR CHEST 2 VIEWS PA AND LATERAL	42272-5	XR Chest PA and Lateral
CR, DX	XR CHEST PA/LATERAL	42272-5	XR Chest PA and Lateral
CR, DX	XR P CHEST PA/LAT	42272-5	XR Chest PA and Lateral
CR, DX	CHEST 1 VIEW	36554-4	XR Chest Single view
CR, DX	CHEST 1V	36554-4	XR Chest Single view
CR, DX	CHEST 1VIEW DX	36554-4	XR Chest Single view
CR, DX	CHEST-SINGLE VIEW (RAD)-CS	36554-4	XR Chest Single view
CR, DX	DXR: Chest AP xray	36554-4	XR Chest Single view
CR, DX	LCMC XR CHEST 1 VW	36554-4	XR Chest Single view
CR, DX	XR CHEST 1 VIEW	36554-4	XR Chest Single view
CR, DX	XR Chest 1 View CVAD Insertion Follow-up	36554-4	XR Chest Single view
CR, DX	XR CHEST PA OR AP POST IR BIOPSY-SINGLE VIEW	36554-4	XR Chest Single view
CR, DX	XR CHEST PA OR AP SINGLE VIEW	36554-4	XR Chest Single view
CR, DX	XR CHEST SINGLE VIEW	36554-4	XR Chest Single view
CR, DX	XRAY CHEST ONE VIEW	36554-4	XR Chest Single view
CR, DX	XR ACUTE ABDOMEN (SUPINE UPRIGHT AND 1 VIEW CHEST)	83017-4	XR Chest View and Abdomen Supine and Upright
CR, DX	Chest	30745-4	XR Chest Views
CR, DX	CHEST ROUTINE PA AP AND LATERAL	30745-4	XR Chest Views
CR, DX	DPCXR	30745-4	XR Chest Views
CR, DX	XR RIBS LEFT WITH CHEST AP OR PA - SINGLE VIEW	24899-7	XR Ribs Views
CR, DX	XR RIBS RIGHT WITH CHEST AP OR PA - SINGLE VIEW	24899-7	XR Ribs Views
CR, DX	XR CHEST 1 VW PORTABLE	36589-0	Portable XR Chest AP single view
CR, DX	XR CHEST AP PA LATERAL 2 VW	36643-5	XR Chest 2 Views
CR, DX	XR CHEST 1 VW, FRONTAL	36554-4	XR Chest Single view
CR, DX	Portable Chest	36589-0	Portable XR Chest AP single view
CR, DX	XR CHEST 2 VIEWS, FRONTAL AND LATERAL	36643-5	XR Chest 2 Views
CR, DX	XR CHEST 1 VW	36554-4	XR Chest Single view
CR, DX	XR CHEST 2 VIEWS, FRONTAL AND LATERAL;	36643-5	XR Chest 2 Views
CR, DX	CHEST ROUTINE	30745-4	XR Chest Views
CR, DX	Ribs L	24899-7	XR Ribs Views
CR, DX	XR ABDOMEN 1 VIEW	36550-2	XR Abdomen Single view
CR, DX	CHEST, PA AND LAT	42272-5	XR Chest PA and Lateral
CR, DX	XR RIBS RIGHT WITH PA CHEST 3+ VW	42165-1	XR Ribs Views and Chest PA
CR, DX	Adult Chest - 1 View	36554-4	XR Chest Single view
CR, DX	XR CHEST PICC VERIFICATION	36554-4	XR Chest Single view
[blank]	CHEST PA & LATERAL (RAD)-CS	42272-5	XR Chest PA and Lateral
[blank]	CHEST PORT 1 VIEW (RAD)-CS	36589-0	Portable XR Chest AP single view
[blank]	XR CHEST PA AND LATERAL	42272-5	XR Chest PA and Lateral
[blank]	XR PORT CHEST 1V	36589-0	Portable XR Chest AP single view
[blank]	XR CHEST PA/LATERAL	42272-5	XR Chest PA and Lateral
PT, CTPT	[blank]	44136-0	PT Unspecified body region
PT, CTPT	PET CT FDG IMAG SKULL TO THIGH	81555-5	PET+CT Guidance for localization of tumor of Whole body-- W 18F-FDG IV
PT, CTPT	PET MULTIPLE MYELOMA (	81555-5	PET+CT Guidance for localization of tumor of Whole body-- W 18F-FDG IV
PT, CTPT	PET SARCOIDOSIS WITH N	81555-5	PET+CT Guidance for localization of tumor of Whole body-- W 18F-FDG IV
PT, CTPT	PET PANCREATIC CANCER	81555-5	PET+CT Guidance for localization of tumor of Whole body-- W 18F-FDG IV
PT, CTPT	NM PET CANCER ANY SITE	81555-5	PET+CT Guidance for localization of tumor of Whole body-- W 18F-FDG IV
PT, CTPT	PET BREAST CANCER (W/L	81555-5	PET+CT Guidance for localization of tumor of Whole body-- W 18F-FDG IV
PT, CTPT	PET BREAST CANCER (W/LOW DOSE CT)	81555-5	PET+CT Guidance for localization of tumor of Whole body-- W 18F-FDG IV
PT, CTPT	PET MULTIPLE MYELOMA (W/LOW DOSE CT)	81555-5	PET+CT Guidance for localization of tumor of Whole body-- W 18F-FDG IV
PT, CTPT	PET COLON OR RECTAL CA	81555-5	PET+CT Guidance for localization of tumor of Whole body-- W 18F-FDG IV
PT, CTPT	PET PANCREATIC CANCER (W/LOW DOSE CT)	81555-5	PET+CT Guidance for localization of tumor of Whole body-- W 18F-FDG IV
PT, CTPT	PET CT FOR SARCOIDOSIS	81555-5	PET+CT Guidance for localization of tumor of Whole body-- W 18F-FDG IV
PT, CTPT	PET THYROID CANCER (W/	81555-5	PET+CT Guidance for localization of tumor of Whole body-- W 18F-FDG IV
PT, CTPT	PET CT IMG ANY SITE NO	81555-5	PET+CT Guidance for localization of tumor of Whole body-- W 18F-FDG IV
PT, CTPT	PET^1HPPETCT_WholeBody (Adult)	81555-5	PET+CT Guidance for localization of tumor of Whole body-- W 18F-FDG IV
PT, CTPT	PET ENDOMETRIAL OR CER	81555-5	PET+CT Guidance for localization of tumor of Whole body-- W 18F-FDG IV
PT, CTPT	PET ENDOMETRIAL OR CERVICAL CANCER (W/LOW DOSE CT)	81555-5	PET+CT Guidance for localization of tumor of Whole body-- W 18F-FDG IV
PT, CTPT	PET ESOPHAGEAL OR GAST	81555-5	PET+CT Guidance for localization of tumor of Whole body-- W 18F-FDG IV
PT, CTPT	PET LUNG CANCER OR PUL	81555-5	PET+CT Guidance for localization of tumor of Whole body-- W 18F-FDG IV
PT, CTPT	PET LUNG CANCER OR PULMONARY NODULE (W/LOW DOSE CT)	81555-5	PET+CT Guidance for localization of tumor of Whole body-- W 18F-FDG IV
PT, CTPT	PET LYMPHOMA HODGKINS	81555-5	PET+CT Guidance for localization of tumor of Whole body-- W 18F-FDG IV
PT, CTPT	PET LYMPHOMA HODGKINS (W/LOW DOSE CT)	81555-5	PET+CT Guidance for localization of tumor of Whole body-- W 18F-FDG IV
PT, CTPT	PET LYMPHOMA NON HODGK	81555-5	PET+CT Guidance for localization of tumor of Whole body-- W 18F-FDG IV
PT, CTPT	PET LYMPHOMA NON HODGKINS (W/LOW DOSE CT)	81555-5	PET+CT Guidance for localization of tumor of Whole body-- W 18F-FDG IV
MR	[blank]	25056-3	MR Unspecified body region
MR	MR TOTAL SPINE WITH AND WITHOUT CONTR	30855-1	MR Cervical and thoracic and lumbar spine WO and W contrast IV
MR	MR FACE, NASO, NECK WITH AND WITHOUT	82131-4	MR Face and Neck WO and W contrast IV
MR	MR SPINE LUMBAR WO CONTRAST	30679-5	MR Lumbar spine WO contrast
MR	MR TOTAL SPINE WITHOUT CONTRAST	30854-4	MR Cervical and thoracic and lumbar spine WO contrast
MR	L-SPINE^GREENSBORO	"	24968-0"	MR Lumbar spine
MR	SPINE^L-SPINE	"	24968-0"	MR Lumbar spine
US	[blank]	25061-3	US Unspecified body region
MG	[blank]	36625-2	MG Breast Views
NM	[blank]	49118-3	NM Unspecified body region Views
ST	[blank]	43526-3	SPECT Unspecified body region
[blank]	BRONCHOSCOPY	18744-3	Bronchoscopy study
RF	BRONCHOSCOPY	35889-5	RF Guidance for bronchoscopy of Chest
DX	XR CHEST AP OR PA	41790-7	XR Chest Single view during surgery
DX	XR CHEST 2 VIEWS PA + LAT STND PROTOCOL	42272-5	XR Chest PA and Lateral
DX	DX CHEST PORTABLE 1 VIEW	36589-0	Portable XR Chest AP single view
CR	DX CHEST 1 VIEW	36554-4	XR Chest Single view
CR	DX CHEST PORTABLE 1 VIEW	36589-0	Portable XR Chest AP single view
CR	X-RAY CHEST SINGLE VIEW	36554-4	XR Chest Single view
DX	XR CHEST LINE PLACEMENT PORTABLE	30746-2	Portable XR Chest Views
CR,DX	XR CHEST 2 VIEWS	36643-5	XR Chest 2 Views
CR	XR CHEST AP OR PA	36554-4	XR Chest Single view
CR	XR CHEST 2 VIEWS PA + LAT STND PROTOCOL	42272-5	XR Chest PA and Lateral
DX	X-RAY CHEST SINGLE VIEW	36554-4	XR Chest Single view
DX	XR CHEST  PA/LAT	42272-5	XR Chest PA and Lateral
DX	X-RAY CHEST FRONTAL AND LATERAL	42272-5	XR Chest PA and Lateral
DX	XR CHEST 2 VIEWS FRONTAL & LATERAL	42272-5	XR Chest PA and Lateral
DX	DX CHEST A-P/PA (SINGLE VIEW)	36554-4	XR Chest Single view
DX	XR CHEST 1 VIEW NOT PORTABLE	36554-4	XR Chest Single view
CR	XR CHEST 1V FRONTAL PORT	36589-0	Portable XR Chest AP single view
CR	XR PORTABLE CHEST 1 VIEW	36589-0	Portable XR Chest AP single view
DX	DX CHEST 1 VIEW	36554-4	XR Chest Single view
CR	DX CHEST A-P/PA (SINGLE VIEW)	36554-4	XR Chest Single view
CR	CHEST 1 VIEW PA/AP PORTABLE	30746-2	Portable XR Chest Views
DX	CHEST 1 VIEW ICU	30746-2	Portable XR Chest Views
DX	DX CHEST AP OR PA AND LATERAL 2 VIEWS	36643-5	XR Chest 2 Views
DX	XR CHEST 1 VIEW POSTEROANTERIOR	24648-8	XR Chest PA upright
DX	XR KUB, FLAT PLATE, ABDOMEN 1 VIEW	36589-0	Portable XR Chest AP single view
CR	PR CHEST 1 VIEW	36589-0	Portable XR Chest AP single view
CR	0	43468-8	XR Unspecified body region Views
CR	XR P PORT ABDOMEN AP 1 VIEW	36588-2	Portable XR Abdomen AP
CR	CHEST 2 VIEWS (ROUTINE)	36643-5	XR Chest 2 Views
DX	X-RAY LUMBOSACRAL SPINE 2 OR 3 VIEWS	103228-3	XR Spine Lumbar and Sacrum 2 or 3 Views
CR	DX CHEST AP OR PA AND LATERAL 2 VIEWS	36643-5	XR Chest 2 Views
CR	XR CHEST - PORTABLE AP	36589-0	Portable XR Chest AP single view
CR	XR CHEST PICC 1 VIEW	36554-4	XR Chest Single view
DX	X-RAY ABDOMEN SINGLE VIEW	36550-2	XR Abdomen Single view
DX	XR CHEST REFERENCE IMPORT	30745-4	XR Chest Views
DX	XR CHEST MORNING ROUTINE PORTABLE PUMP	30746-2	Portable XR Chest Views
CR	XR P PORT CHEST 1V LINE PLCMNT-NO CHARGE	36589-0	Portable XR Chest AP single view
DX	XR CHEST PORTABLE 2 VIEWS - PEDS ONLY	103275-4	Portable XR Chest 2 Views
CR	XR CHEST REFERENCE IMPORT	30745-4	XR Chest Views
CR,DX	CHEST PA & LATERAL (RAD)-CS	42272-5	XR Chest PA and Lateral
DX	XR CHEST PORTABLE 1 VIEW - PEDS ONLY	36589-0	Portable XR Chest AP single view
CR	X-RAY CHEST FRONTAL AND LATERAL	36643-5	XR Chest 2 Views
DX	RM CHEST 1 VIEW PORTABLE	36589-0	Portable XR Chest AP single view
DX	XR CHEST LINE PLACEMENT PORTABLE PED	36589-0	Portable XR Chest AP single view
CR	CHEST 1 VIEW (INCLUDING PORTABLE)	36554-4	XR Chest Single view
DX	XR CHEST PA LATERAL W BOTH OBLIQUE PROJECTIONS	30742-1	XR Chest PA and Lateral and Right oblique and Left oblique
DX	X-RAY SHOULDER COMPLETE MIN 2 VIEWS - RIGHT	79369-5	XR Shoulder - right GE 2 Views
CR	DX CHEST SINGLE VIEW	36554-4	XR Chest Single view
CR	XR CERVICAL SPINE 2-3 VIEWS	43539-6	XR Cervical spine 2 or 3 Views
CR	XR LEFT FOOT 3+ VIEWS	48477-4	XR Foot - left GE 3 Views
CR	XR PORTABLE CHEST 1 VIEW	36589-0	Portable XR Chest AP single view
DX	XR CHEST INSPIRATION EXPIRATION	30736-3	XR Chest Views W inspiration and expiration
DX	DX CHEST PORTABLE POST-PICC PLACEMENT 1 VIEW	24632-2	Portable XR Chest Views AP
DX	XR RIGHT FOOT 3+ VIEWS	48476-6	XR Foot - right GE 3 Views
DX	X-RAY KNEE 3 VIEWS - RIGHT	37742-4	XR Knee - right 3 Views
CR	XR CHEST SINGLE VW	36554-4	XR Chest Single view
DX	XR AP CHEST PORTABLE	36589-0	Portable XR Chest AP single view
CR	XR CHEST FOR FEEDING TUBE PLACEMENT 1V	30745-4	XR Chest Views
CR	DG CHEST 1V PORT	30746-2	Portable XR Chest Views
CR	XR LUMBAR SPINE 2-3 VIEWS	48469-1	XR Lumbar spine 2 or 3 Views
DX	XR CHEST PICC 1 VIEW	36554-4	XR Chest Single view
CR	XR KUB, FLAT PLATE, ABDOMEN 1 VIEW	36550-2	XR Abdomen Single view
DX	ABDOMEN 1 VIEW	36550-2	XR Abdomen Single view
CR	XR CHEST 2 VIEWS PA AND LATERAL (S)	42272-5	XR Chest PA and Lateral
CR	XR RIGHT ANKLE 3+ VIEWS	46347-1	XR Ankle - right GE 3 Views
DX	<NONE>	43468-8	XR Unspecified body region Views
CR	XR RIGHT SHOULDER 2+ VIEWS	79369-5	XR Shoulder - right GE 2 Views
CR	XR CHEST 1V FRONTAL	36554-4	XR Chest Single view
DX	X-RAY KNEE 3 VIEWS - LEFT	36311-9	XR Knee - left 3 Views
DX	XR LUMBAR SPINE 2-3 VIEWS	48469-1	XR Lumbar spine 2 or 3 Views
DX	XR LEFT KNEE 3 VIEWS (PAIN/ARTHRITIS)	36311-9	XR Knee - left 3 Views
CR	XR CHEST SINGLE VIEW PORTABLE	36589-0	Portable XR Chest AP single view
CR	XR CHEST 1 VIEW AP (S)	36554-4	XR Chest Single view
DX	XR CERVICAL SPINE 2-3 VIEWS	43539-6	XR Cervical spine 2 or 3 Views
DX	XR RIGHT KNEE 3 VIEWS (PAIN/ARTHRITIS)	37742-4	XR Knee - right 3 Views
DX	DX CHEST PORTABLE WITH AM ROUNDS 1 VIEW	36589-0	Portable XR Chest AP single view
CR	XR LEFT SHOULDER 2+ VIEWS	79368-7	XR Shoulder - left GE 2 Views
DX	X-RAY HIP UNILATERAL WITH PELVIS 2 OR 3 VIEWS - RIGHT	103234-1	XR Pelvis and Hip - right 2 or 3 Views
DX	XR CHEST SINGLE VW	36554-4	XR Chest Single view
DX	DX CXR 1 VIEW-POST PROCEDURE	36554-4	XR Chest Single view
DX	XR LEFT SHOULDER 2+ VIEWS	79368-7	XR Shoulder - left GE 2 Views
CR	CHEST,SINGLE VIEW	36554-4	XR Chest Single view
CR	XR CHEST PORTABLE [CH]	30746-2	Portable XR Chest Views
DX	X-RAY PELVIS 1 OR 2 VIEWS	43522-2	XR Pelvis 1 or 2 Views
DX	XR LUMBAR SPINE AP AND LATERAL 2 OR 3 VIEWS	48469-1	XR Lumbar spine 2 or 3 Views
DX	X-RAY SHOULDER COMPLETE MIN 2 VIEWS - LEFT	79368-7	XR Shoulder - left GE 2 Views
CR	ABDOMEN 1 VIEW	36550-2	XR Abdomen Single view
DX	XR LEFT FOOT 3+ VIEWS	48477-4	XR Foot - left GE 3 Views
DX	X-RAY HIP UNILATERAL WITH PELVIS 2 OR 3 VIEWS - LEFT	103235-8	XR Pelvis and Hip - left 2 or 3 Views
DX	XR RIGHT KNEE 1-2 VIEWS	47375-1	XR Knee - right 1 or 2 Views
DX	DX CHEST SINGLE VIEW	36554-4	XR Chest Single view
DX	XR LEFT HAND 3+ VIEWS	47370-2	XR Hand - left GE 3 Views
CR	XR CHEST 1V LINE PLCMNT - INITIAL ONLY	36554-4	XR Chest Single view
CR	XR LEFT HAND 3+ VIEWS	47370-2	XR Hand - left GE 3 Views
CR	XR RIBS LEFT WITH PA CHEST 3+ VW	103328-1	XR Ribs - left and Chest Views 3 and View PA
CR	XR RIGHT WRIST 3+ VIEWS	46343-0	XR Wrist - right GE 3 Views
DX	XR LEFT WRIST 3+ VIEWS	46346-3	XR Wrist - left GE 3 Views
DX	X-RAY FOOT COMPLETE MINIMUM 3 VIEWS - RIGHT	48476-6	XR Foot - right GE 3 Views
DX	X-RAY KNEE 1 OR 2 VIEWS - RIGHT	47375-1	XR Knee - right 1 or 2 Views
DX	X-RAY ANKLE COMPLETE MINIMUM 3 VIEWS - LEFT	46390-1	XR Ankle - left GE 3 Views
DX	X-RAY HAND MINIMUM 3 VIEWS - RIGHT	47371-0	XR Hand - right GE 3 Views
DX	XR THORACIC SPINE 2 VIEWS	37905-7	XR Thoracic spine 2 Views
DX	X-RAY CERVICAL SPINE 2 OR 3 VIEWS	43539-6	XR Cervical spine 2 or 3 Views
CR	XR CHEST 1 VIEW NOT PORTABLE	36554-4	XR Chest Single view
CR	XR REFERENCE IMPORT	43468-8	XR Unspecified body region Views
DX	CHEST PA AND LAT	42272-5	XR Chest PA and Lateral
DX	XR RIGHT ANKLE 3+ VIEWS	46347-1	XR Ankle - right GE 3 Views
CR	RIBS R	26153-7	XR Ribs - right Views
CR	ACUTE ABDOMINAL SERIES	37636-8	XR Abdomen Views
CR	X-RAY BONE OUTSIDE IMAGE	43468-8	XR Unspecified body region Views
CR	XR RIGHT FOOT 3+ VIEWS	48476-6	XR Foot - right GE 3 Views
CR	XR LEFT ANKLE 3+ VIEWS	46390-1	XR Ankle - left GE 3 Views
CR,DX	XR PORT CHEST 1V	36589-0	Portable XR Chest AP single view
DX	X-RAY THORACIC SPINE 2 VIEWS	37905-7	XR Thoracic spine 2 Views
DX	XR CHEST 1 VIEW AP (S)	36572-6	XR Chest AP
DX	XR RIGHT HIP 2-3 VIEWS (UNILATERAL) WITH PELVIS WHEN PERFORMED	103234-1	XR Pelvis and Hip - right 2 or 3 Views
DX	PELVIS 1 OR 2 VIEWS	43522-2	XR Pelvis 1 or 2 Views
DX	XR RIGHT SHOULDER 2+ VIEWS	79369-5	XR Shoulder - right GE 2 Views
CR	PENN IMAGE EXCHANGE IMPORT	43468-8	XR Unspecified body region Views
CR	XR LEFT WRIST 3+ VIEWS	46346-3	XR Wrist - left GE 3 Views
CR	XR RIBS BILATERAL WITH CHEST - 1 VIEW	103355-4	XR Ribs - bilateral and Chest Views 3 and View
CR	XR RIGHT KNEE 3 VIEWS (PAIN/ARTHRITIS)	37742-4	XR Knee - right 3 Views
CR	XR CHEST 1 VW [CH]	36554-4	XR Chest Single view
CR	LUMBAR SACRAL SPINE 2/3 VIEWS	103228-3	XR Spine Lumbar and Sacrum 2 or 3 Views
CR	XR CHEST AP 1V	36554-4	XR Chest Single view
CR	<NONE>	95612-8	Portable XR Unspecified body region Views
CR	XR CHEST  PA/LAT	42272-5	XR Chest PA and Lateral
DX	XR RIGHT HAND 3+ VIEWS	47371-0	XR Hand - right GE 3 Views
DX	XR RIBS, RIGHT	26153-7	XR Ribs - right Views
DX	X-RAY WRIST COMPLETE MINIMUM 3 VWS - LEFT	46346-3	XR Wrist - left GE 3 Views
DX	X-RAY KNEE 1 OR 2 VIEWS - LEFT	47373-6	XR Knee - left 1 or 2 Views
DX	X-RAY FOOT COMPLETE MINIMUM 3 VIEWS - LEFT	48477-4	XR Foot - left GE 3 Views
CR	XR ABDOMEN COMPLETE W UPRIGHT CHEST	42269-1	XR Chest and Abdomen Views
CR	XR LEFT CLAVICLE	26107-3	XR Clavicle - left Views
CR	DX CXR 1 VIEW-POST PROCEDURE	36554-4	XR Chest Single view
CR	CR DIAG-CHEST PA OR AP	36554-4	XR Chest Single view
CR	ABDOMEN ACUTE SERIES	37636-8	XR Abdomen Views
CR	XR RIGHT KNEE 1-2 VIEWS	47375-1	XR Knee - right 1 or 2 Views
DX	XR CHEST 4+ VW	44211-1	XR Chest GE 4 Views
DX	XR RIGHT WRIST 3+ VIEWS	46343-0	XR Wrist - right GE 3 Views
DX	X-RAY HAND 2 VIEWS - LEFT	26389-7	XR Hand - left 2 Views
DX	XR CHEST 2 VIEWS PA AND LATERAL (S)	42272-5	XR Chest PA and Lateral
DX	ABDOMEN 1 VW(PORTABLE) - FEEDING (NG/PEG) TUBE CHK WO INJ BY RAD	36588-2	Portable XR Abdomen AP
DX	X-RAY HAND MINIMUM 3 VIEWS - LEFT	47370-2	XR Hand - left GE 3 Views
DX	XR LEFT HIP 2-3 VIEWS (UNILATERAL) WITH PELVIS WHEN PERFORMED	103242-4	XR Hip - left 2 or 3 Views
DX	XR RIGHT HAND 1-2 VIEWS	37716-8	XR Hand - right Views
CR	XR RIGHT HAND 1-2 VIEWS	37716-8	XR Hand - right Views
CT	BRAIN W/O CONTRAST (CT)-CS	30799-1	CT Head WO contrast
CT	CT CHEST ANGIOGRAM AND PULMONARY ARTERIES WITH IV CONTRAST	36266-5	CTA Chest vessels W contrast IV
CT	BRAIN W/O STROKE PROTOCOL-CS	30799-1	CT Head WO contrast
CT	01_PM_THORAX_PLAIN(ADULT)	29252-4	CT Chest WO contrast
CT	CT ABDOMEN/PELVIS WITH CONTRAST	36813-4	CT Abdomen and Pelvis W contrast IV
CT	CT CHEST W/O CONTRAST	29252-4	CT Chest WO contrast
CT	CT CHEST W/O IV CON	29252-4	CT Chest WO contrast
CT	CT CHEST WITH IV CONTRAST	24628-0	CT Chest W contrast IV
CT	CT ANGIO CHEST PULM EMBOLISM	79077-4	CTA Pulmonary arteries for pulmonary embolus W contrast IV
CT	CT ABDOMEN AND PELVIS WITH CONTRAST	36813-4	CT Abdomen and Pelvis W contrast IV
CT	THORAX^GH_THORAXROUTINE (ADULT)	29252-4	CT Chest WO contrast
CT	CT CHEST W IV CONTRAST	24628-0	CT Chest W contrast IV
CT	CTA PULMONARY EMBOLUS	79077-4	CTA Pulmonary arteries for pulmonary embolus W contrast IV
CT	VASCULAR^CTA_HEAD_NECK (ADULT)	37498-3	CTA Head vessels and Neck vessels W contrast IV
CT	CT THORAX W/ CONTRAST	24628-0	CT Chest W contrast IV
CT	CTA CHEST PULMONARY EMBOLISM	79077-4	CTA Pulmonary arteries for pulmonary embolus W contrast IV
CT	CT ANGIO PULMONARY	36147-7	CTA Pulmonary arteries W contrast IV
CT	CT ABDOMEN/PELVIS WITHOUT CONTRAST	36952-0	CT Abdomen and Pelvis WO contrast
CT	HEAD^HEAD_ROUTINE (ADULT)	30799-1	CT Head WO contrast
CT	CT C-SPINE W/O CONTRAST	30592-0	CT Cervical spine WO contrast
CT	CT ABDOMEN/PELVIS W IV CONTRAST	36813-4	CT Abdomen and Pelvis W contrast IV
CT	CT CHEST W IV CON	24628-0	CT Chest W contrast IV
CT	CTA CHEST PULMONARY EMBOLUS W/IVCON	79077-4	CTA Pulmonary arteries for pulmonary embolus W contrast IV
CT	CT ABDOMEN AND PELVIS W/O CONTRAST	36952-0	CT Abdomen and Pelvis WO contrast
CT	CT CHEST	24627-2	CT Chest
CT	CT CHEST PE WITH CONTRAST	79077-4	CTA Pulmonary arteries for pulmonary embolus W contrast IV
CT	HEAD^HEAD_WO_GR (ADULT)	30799-1	CT Head WO contrast
CT	CT PULMONARY W/CONTRAST	36147-7	CTA Pulmonary arteries W contrast IV
CT	CT CHEST WITH CONTRAST (PETCT)	24628-0	CT Chest W contrast IV
CT	HEAD^DE_CTA_HEAD_NECK (ADULT)	37498-3	CTA Head vessels and Neck vessels W contrast IV
CT	CTA TRAUMA THORACIC AORTA W/O & W/ IV CONTRAST	87859-5	CT Thoracic Aorta WO and W contrast IV
CT	HEAD^HEAD_WO (ADULT)	30799-1	CT Head WO contrast
CT	CT CT-THORAX FOR PULMONARY EMBOLISM W/CONT	79077-4	CTA Pulmonary arteries for pulmonary embolus W contrast IV
CT	CT CHEST PULMONARY ANGIOGRAM (ACUTE)	36147-7	CTA Pulmonary arteries W contrast IV
CT	CTA CHEST FOR PE	79077-4	CTA Pulmonary arteries for pulmonary embolus W contrast IV
CT	CT CHEST LOW DOSE SCREENING	79086-5	CT Chest for screening WO contrast
CT	CTA CHEST W CONTRAST	36266-5	CTA Chest vessels W contrast IV
CT	THORAX^CHEST_ABD_PELVIS_WO (ADULT)	72253-8	CT Chest and Abdomen and Pelvis WO contrast
CT	HEAD^PERFUSION (ADULT)	24728-8	CT perfusion Head
CT	CT CHEST ABDOMEN PELVIS W IV CON	72254-6	CT Chest and Abdomen and Pelvis W contrast IV
CT	CT ANGIOGRAM PULMONARY W CONTRAST	36147-7	CTA Pulmonary arteries W contrast IV
CT	CT CARD CORONARY CALCM SCRE WO CON	36934-8	CT Heart for calcium scoring
CT	HEAD^CTA_HEAD_NECK (ADULT)	37498-3	CTA Head vessels and Neck vessels W contrast IV
CT	HEAD^CODE_STROKE (ADULT)	24725-4	CT Head
CT	CT PE PROTOCOL	79077-4	CTA Pulmonary arteries for pulmonary embolus W contrast IV
CT	CT ABDOMEN/PELVIS WO IV CONTRAST	36952-0	CT Abdomen and Pelvis WO contrast
CT	CT CHEST WITHOUT CONTRAST (S)	29252-4	CT Chest WO contrast
CT	HEAD^CODE_STROKE_CUSTOMIZED (ADULT)	24725-4	CT Head
CT	RADIATION ONCOLOGY CT TREATMENT PLAN	25045-6	CT Unspecified body region
CT	CT ANGIO CHEST FOR PE	79077-4	CTA Pulmonary arteries for pulmonary embolus W contrast IV
CT	JOINY CT CHEST WO	29252-4	CT Chest WO contrast
CT	CT CHEST ANGIOGRAM WITH IV CONTRAST	36266-5	CTA Chest vessels W contrast IV
CT	JCCI CT C/A/P	87869-4	CT Chest and Abdomen and Pelvis
CT	CHEST WO CONTRAST CT	29252-4	CT Chest WO contrast
CT	CT CHEST ANGIO W OR W AND WO IV CONTRAST	30804-9	CTA Chest vessels WO and W contrast IV
CT	CT ANGIOGRAM CHEST (S)	86981-8	CTA Chest vessels
CT	CT CHEST W/O CONTRAST	29252-4	CT Chest WO contrast
CT	JOIEN CT CHEST	24627-2	CT Chest
CT	CT ABDOMEN/PELVIS WITH CONTRAST (PETCT)	36813-4	CT Abdomen and Pelvis W contrast IV
CT	CT THORAX W/O CONTRAST	29252-4	CT Chest WO contrast
CT	THORAX^CAP_WITH_CUSTOMIZED (ADULT)	72254-6	CT Chest and Abdomen and Pelvis W contrast IV
CT	CT HEAD W/O CM	30799-1	CT Head WO contrast
CT	CT CHEST PE PROTOCOL	79077-4	CTA Pulmonary arteries for pulmonary embolus W contrast IV
CT	THORAX^C_A_P_WO_GR (ADULT)	72253-8	CT Chest and Abdomen and Pelvis WO contrast
CT	CT BODY OUTSIDE IMAGE	25045-6	CT Unspecified body region
CT	CT CHEST WWO CONTRAST	30598-7	CT Chest WO and W contrast IV
CT	CT ABDOMEN PELVIS W CONTRAST	36813-4	CT Abdomen and Pelvis W contrast IV
CT	THORAX^FLASH_PE_CUSTOMIZED (ADULT)	79077-4	CTA Pulmonary arteries for pulmonary embolus W contrast IV
CT	CT CERVICAL SPINE WITHOUT CONTRAST	30592-0	CT Cervical spine WO contrast
MR	MRI LUMBAR SPINE W/O CONTRAST	30679-5	MR Lumbar spine WO contrast
MR	MR BRAIN WITH AND WITHOUT CONTRAST	24587-8	MR Brain WO and W contrast IV
MR	MRI CERVICAL SPINE W/O CONTRAST	30667-0	MR Cervical spine WO contrast
MR	MR LUMBAR SPINE WITHOUT CONTRAST	30679-5	MR Lumbar spine WO contrast
MR	MR CERVICAL SPINE WITHOUT CONTRAST	30667-0	MR Cervical spine WO contrast
MR	MR CARDIAC FUNCTION / MORPHOLOGY WITH AND WITHOUT CONTRAST	105168-9	MR Heart cine for function WO and W contrast IV
MR	MR BRAIN WITHOUT CONTRAST	30657-1	MR Brain WO contrast
MR	MRI ABDOMEN + PELVIS WO/W CONTRAST	97392-5	MR Abdomen and Pelvis WO and W contrast IV
MR	MR CERVICAL SPINE WITH AND WITHOUT CONTRAST	24937-5	MR Cervical spine WO and W contrast IV
MR	MR CHOLANGIOPANCREATOGRAPHY	37220-1	MR Biliary ducts and Pancreatic duct
MR	MR SPINE CERVICAL WO CONTRAST	30667-0	MR Cervical spine WO contrast
MR	MR TOTAL SPINE WITH AND WITHOUT CONTRAST	30855-1	MR Cervical and thoracic and lumbar spine WO and W contrast IV
MR	MRI CERVICAL SPINE WO/W IV CONTRAST	24937-5	MR Cervical spine WO and W contrast IV
MR	MRI KNEE WITHOUT CONTRAST - LEFT	36508-0	MR Knee - left WO contrast
MR	MR LUMBAR SPINE WITH AND WITHOUT CONTRAST	24967-2	MR Lumbar spine WO and W contrast IV
MR	MRI ABDOMEN WO/W CONTRAST	24557-1	MR Abdomen WO and W contrast IV
MR	MRI BONE OUTSIDE IMAGE	25056-3	MR Unspecified body region
MR	MRI KNEE WITHOUT CONTRAST - RIGHT	36510-6	MR Knee - right WO contrast
MR	C-SPINE^GREENSBORO	24935-9	MR Cervical spine
CT,PT	PET LYMPHOMA NON HODGK	44136-0	PT Unspecified body region
CT,PT	PET LUNG CANCER OR PUL	57822-9	PT Lung
NM	NM MYOCARDIAL PHARM STRESS TEST	39667-1	NM Heart Views W stress and W radionuclide IV
NM	NM LUNG VENTILATION/PERFUSION SCAN	39942-8	NM Lung Ventilation and Perfusion
CT,PT	PET LUNG CANCER OR PULMONARY NODULE (W/LOW DOSE CT)	57822-9	PT Lung
PT	PETCT FDG VERTEX TO MID THIGH (NON DIAGNOSTIC CT)	82807-9	PET+CT Guidance for localization of tumor of Skull vertex to mid-thigh-- W 18F-FDG IV and WO contrast
US	TRANSTHORACIC ECHO	59281-6	US Heart Transthoracic
US	US KIDNEY COMPLETE	38036-0	US Kidney
US	US PELVIC TRANSABD/TRANSVAG COMBINATION	42455-6	US Pelvis transabdominal and transvaginal
US	IR CHEST TUBE PLACEMENT (ORERABLE BY IR SERVICE ONLY)	42140-4	US Guidance for placement of tube in Chest
US	US ABDOMEN LIMITED	30704-1	US Abdomen limited
US	TRANSESOPHAGEAL ECHO	85475-2	US Heart Transesophageal
MG	MAMMO 3D TOMO SCREENING BILATERAL	72142-3	DBT Breast - bilateral screening
MG	DIGITAL SCREEN MAMMO W/CAD	24606-6	MG Breast Screening
MG	SCREENING - CONVENTIONAL	24606-6	MG Breast Screening
MG	MG-POST PROCEDURE MAMMMO	36625-2	MG Breast Views
MG	MAMMO SCREENING DIGITAL BILATERAL	26175-0	MG Breast - bilateral Screening
RF	FL PHARYNX/SWALLOWING EVAL WITH FLUORO	24682-7	RF videography Hypopharynx and Esophagus Views W liquid and paste contrast PO during swallowing
RF	FL ESOPHAGRAM	24678-5	RF Esophagus Views W contrast PO
