study_modality	study_description	Freq
CT	BRAIN W/O CONTRAST (CT)-CS	2029
DX	XR Chest 2 Views PA + Lat Stnd Protocol	796
DX	XR CHEST LINE PLACEMENT PORTABLE	610
DX	DX Chest A-P/PA (Single View)	164
CT	BRAIN W/O STROKE PROTOCOL-CS	134
CR	XR Portable Chest 1 view	132
CR	XR CHEST 1V FRONTAL PORT	120
CR	DX Chest A-P/PA (Single View)	114
DX	XR CHEST 2 VIEWS FRONTAL & LATERAL	104
CR	XR Chest 2 Views PA + Lat Stnd Protocol	93
DX	CHEST 1 VIEW ICU	89
DX	XR CHEST 1 VIEW POSTEROANTERIOR	69
CT	CT ANGIO CHEST PULM EMBOLISM	68
CR	0	59
CR	XR P PORT ABDOMEN AP 1 VIEW	56
DX	XR CHEST 1 VIEW NOT PORTABLE	53
CR	CHEST 2 VIEWS (ROUTINE)	49
CR	PR CHEST 1 VIEW	48
CT	CT CHEST W IV CONTRAST	44
CR	XR CHEST PICC 1 VIEW	40
CT	Vascular^CTA_HEAD_NECK (Adult)	40
DX	XR CHEST MORNING ROUTINE PORTABLE PUMP	38
CT	CT CHEST W/O IV CON	38
CR	XR P PORT CHEST 1V LINE PLCMNT-NO CHARGE	34
DX	XR CHEST PORTABLE 2 VIEWS - PEDS ONLY	33
CT	Head^HEAD_ROUTINE (Adult)	32
DX	XR CHEST PORTABLE 1 VIEW - PEDS ONLY	30
DX	XR CHEST LINE PLACEMENT PORTABLE PED	29
DX	XR CHEST PA LATERAL W BOTH OBLIQUE PROJECTIONS	27
CR	CHEST 1 VIEW (INCLUDING PORTABLE)	27
CT	CT ABDOMEN/PELVIS W IV CONTRAST	26
CR	DX Chest Single View	25
CR	XR PORTABLE CHEST 1 VIEW	24
CT	Head^head_wo_GR (Adult)	23
CR	XR CHEST SINGLE VW	22
DX	XR CHEST PICC 1 VIEW	20
CT	Head^DE_CTA_HEAD_NECK (Adult)	19
DX	ABDOMEN 1 VIEW	19
CT	Head^HEAD_WO (Adult)	19
CT	CT CHEST LOW DOSE SCREENING	18
CT	CT CHEST	18
CT	Head^Perfusion (Adult)	17
CT	Thorax^CHEST_ABD_PELVIS_WO (Adult)	17
DX	DX CXR 1 View-Post Procedure	15
DX	XR CHEST SINGLE VW	15
CT	Head^CTA_HEAD_NECK (Adult)	15
CT	Head^CODE_STROKE (Adult)	15
CT	CT CARD CORONARY CALCM SCRE WO CON	15
CR	CHEST,SINGLE VIEW	14
DX	RM CHEST 1 VIEW PORTABLE	14
CR	XR CHEST 1V FRONTAL	14
DX	DX Chest Single View	13
CT	JOINY CT CHEST WO	13
CT	Head^CODE_STROKE_Customized (Adult)	13
CR	ABDOMEN 1 VIEW	13
CR	XR RIBS LEFT WITH PA CHEST 3+ VW	12
CT	JCCI CT C/A/P	12
CR	XR CHEST 1V LINE PLCMNT - INITIAL ONLY	12
CT	CT CHEST W IV CON	12
CT	Thorax^C_A_P_WO_GR (Adult)	11
CT	JOIEN CT CHEST	11
CT	CT HEAD W/O CM	11
CT	Thorax^CAP_WITH_Customized (Adult)	11
CT	CT CHEST PE PROTOCOL	10
CT	Thorax^FLASH_PE_Customized (Adult)	10
CT	CT CHEST ANGIO W OR W AND WO IV CONTRAST	10
CR	ACUTE ABDOMINAL SERIES	10
DX	PELVIS 1 OR 2 VIEWS	10
CR	Ribs R	10
CT	CT CHEST WWO CONTRAST	10
CT	Abdomen^4_BOWEL_ISCHEMIA (Adult)	9
CT	CHEST PE IP	9
CT	CAP IV IP	9
CT	Abdomen^urogram_gr (Adult)	9
CT	Vascular^THORACIC_DISSECTION_CTA (Adult)	9
CT	Abdomen^12_CTA_CAP (Adult)	9
CT	JHN CHEST WO OP	9
CR	XR RIBS BILATERAL WITH CHEST - 1 VIEW	9
CR	LUMBAR SACRAL SPINE 2/3 VIEWS	9
CT	CT ABD PELVIS WITH CONTRAST-CS	9
CT	Thorax^NEWHIRES_WO_GR_2019 (Adult)	9
CT	CT ABDOMEN PELVIS W CONTRAST	9
CT	CT CHEST ABDOMEN PELVIS W CONTRAST (PANCREAS)	9
CT	CT ABDOMEN PELVIS W CONTRAST(PANCREAS)	8
CT	CT ANGIOGRAPHY HEAD	8
CT	CT FACE SINUSES W CONTRAST	8
DX	ABDOMEN 1 VW(PORTABLE) - FEEDING (NG/PEG) TUBE CHK WO INJ BY RAD	8
CT	JCCI CT CAP COMB	8
CR	XR ABDOMEN COMPLETE W UPRIGHT CHEST	8
CR	Abdomen acute series	8
CT	CT ABDOMEN W CONTRAST (ROUTINE)	8
CT	CHEST IV IP	8
CT	CT CHEST WO IVCON	8
CR	DX CXR 1 View-Post Procedure	8
CT	UROGRAM OVER 35(Adult)	8
CT	CT THORAX WITHOUT CONTRAST	8
CT	CT THORAX WO CONTRAST	8
CT	Abdomen^ROUTINE_AP_WITH_OVER_50_OVER_250_Customized (Adult)	8
CT	CT CHEST LUNG CANCER S	8
CT	Abdomen^ABDOMEN_PELVIS_WO_ROUTINE (Adult)	8
CT	CT Angio Pulmonary	8
CT	CT CAP WO CONTRAST	8
CT	CT TRAUMA T-SPINE RECONSTRUCT (RAD ONLY)	8
CT	Thorax^CHEST_WITH_Customized (Adult)	8
CT	CT CHEST ABDOMEN WO CONTRAST (ROUTINE)	8
DX	XR CHEST 4+ VW	8
DX	CHEST PA AND LAT	7
CR	Bilateral Ribs	7
CT	CT ABDOMEN/PELVIS WO IV CONTRAST	7
CT	Head^DE_CTA_HEAD_NECK_Customized (Adult)	7
CT	Head^BRAIN_LAB_HEAD (Adult)	7
CT	Cardiac^LAMODELTEST (Adult)	7
MR	MR SPINE CERVICAL WO CONTRAST	7
DX	CHEST 1 VIEW PA OR AP	7
CT	CT Chest w/ IV Contrast	7
DX	XR RIBS, RIGHT	7
CT	Thorax^ROUTINE_CHEST_HR (Adult)	7
CT	CT NECK/THYROID W CONTRAST	7
DX	XR RIBS, BILATERAL	7
CT	ABDOMEN PELVIS WO(Adult)	7
CT	CT CHEST WO IV CONTRAST LUNG PARENCHYMA	7
CR	FOOT RIGHT COMPLETE MIN 3 VIEWS	7
DX	XRAY CHEST FRONTAL AND LATERAL VIEWS	7
CR	XR CHEST AP PA LATERAL AND APICAL LORDOTIC 3 VW	7
CT	Thorax^CTA_CHEST_ABDOMEN (Adult)	7
CR	XR CHEST 4+ VW	7
CT	JCCI CT LUNG SCREENING	7
CT	CT PELVIS WO CONTRAST (ROUTINE)	7
CR	XR CHEST PA LATERAL W BOTH OBLIQUE PROJECTIONS	7
CR	CHEST PA/LT	7
CT	CHEST WO CONTRAST CT	7
CR	CR DIAG-CHEST PA OR AP	7
CT	Head^CODE_STROKE_CTA_WITH_PERFUSION_WS (Adult)	7
CT	JHN CAP W IP	7
CT	Vascular^CTA_HEAD (Adult)	6
CT	TAVR OP	6
CT	CT LUNG SCREEN WO CONTRAST	6
CT	CT P CHEST W	6
CT	Thorax^PEDS__CAP_WITH (Child)	6
CT	CTA CHEST FOR PE	6
CT	Thorax^LUNG_CANCER_SCREENING_CHEST_WO (Adult)	6
CT	Thorax^XL_CHEST_WO_Customized (Adult)	6
CT	CT PELVIS WO CONTRAST (CYSTOGRAM)	6
CR	XR CHEST AP/PA ONLY 1 VIEW	6
CT	CT PELVIS W CONTRAST (ROUTINE)	6
CT	CT STONE STUDY(Adult)	6
CT	CHEST OP	6
CR	XR CHEST 1 VIEW POSTEROANTERIOR	6
CT	CHEST IP	6
CT	Head^Maxillofacial1 (Adult)	6
CT	CTA CHEST W/O & W IV CON	6
CR	PELVIS 1 OR 2 VIEWS	6
CT	Abdomen^DE_ROUTINE_AP_WITH_OVER_50 (Adult)	6
CT	Abdomen^HEMATURIA_GR_OVER45 (Adult)	6
CT	Head^FACE_WITHOUT_Customized (Adult)	6
CT	CT CARD W/CON PULMNARY VEIN	6
CT	Head^FACE_WITHOUT (Adult)	6
CT	CT CHEST PE WITH CONTRAST	6
CT	Abdomen^ROUTINE_AP_WITH_UNDER_50_OVER_250_Customized (Adult)	6
CT	CT CHEST PULMONARY ANGIOGRAM (ACUTE)	6
CT	Abdomen^urogram_STONE_gr (Adult)	6
CT	Neck^DE_CTA_NECK (Adult)	6
CT	JCCI CT CHEST ENHANCED	6
CT	CT HEAD WO(Adult)	6
CT	CT CHEST W O CONTRAST	6
MR	C-SPINE^GREENSBORO	6
DX	FOOT LEFT COMPLETE MIN 3 VIEWS	6
DX	Chest PA+LAT	6
CR	XR CHEST SINGLE VIEW PORTABLE	6
CT	Thorax^HI_RES (Adult)	6
CT	CT CHEST/ABD/PELV W CONTRAST	6
CT	JHN CHEST OP	6
CT	CAP COMBO IP	6
CT	CTA TRAUMA THORACIC AORTA W/O & W/ IV CONTRAST	5
CT	Head^HEAD_Routine (Adult)	5
DX	XR RIBS INCLUDING PA CHEST XR, LEFT	5
CT	CTA CHEST WAND WITHOUT C AND RECONS	5
CT	Thorax^LOW_DOSE_CHEST_UNDER_30_BMI (Adult)	5
CT	CAP IP	5
CT	Head^DE_CTA_NECK_Customized (Adult)	5
CT	Thorax^FLASH_CTA_CHEST (Adult)	5
DX	XR RIBS INCLUDING PA CHEST XR, RIGHT	5
CT	CALCIUM SCORING(Adult)	5
CT	CTA ABDOMEN PELVIS WWO CONTRAST (AORTA)	5
CR	CH-CHEST 1V CR	5
CT	BRAIN W/WO CONTRAST (CT)-CS	5
DX	XR CHEST PA AND LATERAL 2 VIEWS	5
CT	Thorax^PEDS__CHEST_WITHOUT (Child)	5
CT	CT Thorax w/o Contrast	5
CT	CT CHEST W IVCON PE	5
DX	KNEE 3 VIEWS RIGHT	5
CT	CT CHEST W IVCON	5
MR	SPINE^C-SPINE	5
CT	CT ANGIOGRAM HEART CORONARY ARTERIES WITH CONTRAST	5
DX	Port - CXR	5
CR	LCMC XR CHEST AP PA LATERAL 2 VW	5
CT	LCMC CT CHEST PE PROTOCOL	5
DX	Unspecified DX PORT CHEST	5
CR	CHEST PA	5
CR	FOOT LEFT COMPLETE MIN 3 VIEWS	5
CT	ABDOMEN PELVIS WITH(Adult)	5
CT	JOINY CT CHEST LUNG SCREEN	5
CT	JOIEN CT C/A/P	5
CT	CT CHEST ABDOMEN PELVIS W IV CON	5
DX	XR CHEST INSPIRATION EXPIRATION	5
CR	HAND RIGHT 3 VIEWS MIN	5
DX	HIP COMPLETE LEFT MIN 2 VWS	5
CT	CT CHEST W, ABDOMEN PELVIS WWO	5
CR	DX Chest (2 Views)	5
CT	CT ANGIO CHEST FOR PE	5
CT	Abdomen^ABD_PELVIS_WITH (Adult)	5
CT	Thorax^XL_CAP_WO (Adult)	5
CT	CHEST	5
CR	XR CHEST 2 VIEWS FRONTAL & LATERAL	5
CT	CT P CHEST WO	5
CT	CHEST WO OP	5
CT	CT HEAD W CONTRAST	5
CT	CT HEAD (BRAINLAB) WO CONTRAST PRE-OP	5
CT	CT ABD-PELV W/ CM	5
CT	CT ER Chest w IV Contrast	5
DX	ACUTE ABDOMINAL SERIES	5
CT	CT Chest W/O Contrast	5
CT	CT ABDOMEN PELVIS WO C	5
CT	Abdomen^12_CTA_AAA (Adult)	5
CT	Vascular^CT_PE (Adult)	5
CT	JHN CAP W/WO IP	4
CT	JHN CHEST W/ OP	4
CT	Abdomen^CTA_ILLIOFEMORAL_RUN_OFF (Adult)	4
CT	CT PULMONARY W/CONTRAST	4
CR	CHEST 1V FOR PLACEMENT DX NO	4
MR	L-SPINE^ROUTINE	4
CT	CT CHEST ABDOMEN PELVIS W/O IV CON	4
CR	ABDOMEN 1 VIEW KUB	4
CR	ABDOMEN 1 VW(PORTABLE) - FEEDING (NG/PEG) TUBE CHK WO INJ BY RAD	4
CT	CT CARDIAC CHEST W/ (ROBOTIC & CORONARY)	4
CT	CT CARD W/CON CORONARY ARTRY/VEIN CTA	4
CT	CT ANGIOGRAPHY CHEST	4
CT	CT ANGIOGRAM HEAD NECK W CONTRAST	4
CT	CT ABDOMEN/PELVIS ANGIO W OR W AND WO IV CONTRAST	4
CT	CT ABDOMEN W AND WO IV CONTRAST	4
CT	Head^Maxillofacial (Adult)	4
CT	CT HEAD (BRAINLAB) W CONTRAST PRE-OP	4
CT	CHEST WO IP	4
CT	CHEST W/WO CONTRAST (CT)-CS	4
CT	JOINY CT C/A/P WITH	4
CT	CT THORAX W CONTRAST	4
CT	CT Thorax W/ Contrast	4
CT	CT Thorax W/O Contrast	4
CT	Head^CT_MAXILLOFACIAL_WITH (Adult)	4
CT	JOINY CT C/A/P COMBO	4
CR	XR RIBS RIGHT - 2 VIEWS	4
CT	Thorax^TRAUMA_CHEST_ABD_PEL_WITH (Adult)	4
CR	PORT - CXR	4
CR	XR CHEST 2 VIEWS WITH OBLIQUES	4
CT	Unspecified CT CHEST	4
CR	POST IR CHEST XRAY-CS	4
CT	Thorax^LOW_DOSE_NODULE_FU_WO_CM (Adult)	4
CR	SHOULDER 3 VIEWS LEFT	4
DX	XR ABDOMEN 1 VW	4
CT	Thorax^XL_CTA_CHEST (Adult)	4
CR	XR CHEST 1 VIEW NOT PORTABLE	4
DX	XR RIBS, LEFT	4
CT	Thorax^LOW_DOSE_LUNG_OVER_30_BMI (Adult)	4
CT	Thorax^LOW_DOSE_CHEST_OVER_30_BMI (Adult)	4
CT	Vascular^DISSECTION_CAP_CTA (Adult)	4
DX	CHEST AP AM SERVICE ICU	4
DX	CXR	4
CT	Thorax^CHEST_WITHOUT_WITH_HI_RES_CUTS (Adult)	4
CT	Vascular^PULMONARY_VEIN_STUDY (Adult)	4
CT	Thorax^CTA_CHEST_THORACIC_DISSECTION (Adult)	4
CR	SOFT TISSUE NECK	4
CT	Thorax^CT_CA_WITH (Adult)	4
DX	XR CHEST 2 VIEW (PA,LAT)	4
DX	XR KNEE LT 3 VIEWS	4
DX	XR CHEST DECUBITUS VIEWS, LEFT	4
CT	Vascular^THORACIC_ANEURYSM_CTA (Adult)	4
CT	Thorax^CAP_WITHOUT_Customized (Adult)	4
DX	XR RIGHT KNEE 3 VIEWS	4
CT	Thorax^PEDS__CHEST_WITH (Child)	4
CR	XR CHEST PA LAT 2V	4
CT	CT ABDOMEN W IV CONTRAST	3
MR	ABD^GENERIC ABD	3
CT	CAP IV OP	3
CT	CT ABDOMEN WO CONTRAST (ROUTINE)	3
CT	CTA CHEST FOR PULMONARY EMBOLUS WITH CONTRAST	3
CT	CTA ABDOMEN WWO CONTRAST (AORTA)	3
CT	CT CHEST-ABD-PELV W/ CM	3
CR	Chest  1 View	3
CT	Cardiac^CORONARY_PROSPECTIVE_MORE_PAD (Adult)	3
CT	Thorax^HI_RESOLUTION_CHEST (Adult)	3
CR	XR EG TUBE PLACEMENT	3
CT	Cardiac^TAVR_BOLUSTRACKAdult (Adult)	3
DX	DG RIBS BILAT 3V	3
CT	DE ABDOMEN PELVIS(Adult)	3
CT	DUAL ABDOMEN(Adult)	3
CT	CTA CERVICAL CAROTIDS-CS	3
CT	JCCI CT CHEST PE	3
CR	XR CHEST FOR FEEDING TUBE PLACEMENT 1V	3
CT	CAP_WO(Adult)	3
CT	CHEST/ABD-PEL IV IP	3
CR	THORACIC SPINE 3 VIEWS	3
CT	CT ABD-PELV W/O CM	3
DX	0	3
CT	CT HEART W CONTRAST- LEFT ATRIUM AND PULMONARY VEINS	3
CT	Vascular^Pre_AAA_STENT_ (Adult)	3
CT	CT FACE/SINUSES (BRAINLAB) WO CONTRAST	3
DX	ANKLE LEFT MIN 3 VIEWS	3
CT	CT LUNG NODULE F/U	3
DX	Abdomen	3
CT	CT P ANGIO CHEST WWO	3
DX	XR LEFT KNEE 3 VIEWS	3
CT	CT ABDOMEN PELVIS W CONTRAST (ENTEROGRAPHY)	3
DX	XR LUMBAR SPINE 4+ VIEWS	3
CT	CHEST OP CARDIAC	3
CT	CT CT-Thorax for Pulmonary Embolism W/Cont	3
CT	CT PULMONARY W/CONTRAS	3
CT	Vascular^CTA_CHEST_GR (Adult)	3
CR	XR CHEST 2V FRONTAL/LAT	3
CT	CT THORAX WITH CONTRAST	3
CT	CT CT-CHEST W/O CONTRAST	3
CT	CT ABDOMEN W CONTRAST (CIRRHOSIS)	3
CR	XR FOOT RIGHT (ROUTINE: AP,LAT,OBL)	3
CT	CT Thorax w/ Contrast	3
CT	Thorax^TRAUMA_CHEST_ABD_PEL (Adult)	3
CT	Head	3
CR	CR XR PORTABLE FEEDING TUBE X-RAY	3
DX	XR SPINE LUMBAR (AP+LAT)	3
CR	CHEST 1 VIEW PA OR AP	3
CT	Thorax^FLASH_CHEST_WITH (Adult)	3
CT	CT ANGIOGRAM PULMONARY W CONTRAST	3
DX	RM CHEST PA AND LEFT LATERAL ONLY	3
DX	XR CHEST LATERAL ONLY	3
CT	JCCI CT CHEST/PELVIS	3
CT	Abdomen^ABD_PELVIS_WITHOUT (Adult)	3
CR	CHEST PORT LINE PLACEMENT	3
CT	JHN CAP OP	3
DX	XR ABDOMEN COMPLETE W CHEST	3
CR	XR RIBS LEFT -  2 VIEWS	3
CR	ABDOMEN SERIES-NO CHEST-CS	3
CT	Abdomen^6_DUAL_PHASE (Adult)	3
CT	CT CHEST ANGIOGRAPHY W IV CONTRAST PULMONARY EMBOLISM	3
CR	KNEE 3 VIEWS RIGHT	3
CT	PE IP	3
CT	Abdomen^10_LOW_DOSE_STONE_STUDY (Adult)	3
CT	KIDNEY PROTOCOL(Adult)	3
DX	XR CHEST 2 VIEWS, FRONTAL AND LATERAL XR CHEST 2 VIEWS, FRONTAL AND LATERAL	3
CR	HIP RIGHT 2 VIEWS LATERAL AND AP PELVIS (ROUTINE)	3
CR	XR WRIST LEFT (ROUTINE: AP,LAT,OBL)	3
CR	HIP LEFT 2 VIEWS LATERAL AND AP PELVIS (ROUTINE)	3
CR	XR SPINE LUMBAR (AP+LAT)	3
DX	XR CHEST DECUBITUS VIEWS, RIGHT	3
CT	Head^STEALTH_Sinuses (Adult)	3
CT	CT HEAD (PERFUSION ONLY)	3
CT	Abdomen^XL_AP_WITH (Adult)	3
CT	Abdomen^ROUTINE_AP_WO (Adult)	3
CT	Thorax^CTA_CHEST_Adult_Customized (Adult)	3
CT	Abdomen^ROUTINE_AP_WITH_UNDER_50_OVER_250 (Adult)	3
CT	Thorax^CTA_CAP_Customized (Adult)	3
CT	CT CHEST W/O CM	3
CT	CT CHEST WO AND W CONTRAST	3
DX	XR STERNUM PA AND LATERAL	3
DX	HIP COMPLETE RIGHT MIN 2 VWS	3
CT	Thorax^CT_CHEST_LOW_DOSE_NODULE_WO (Adult)	3
CT	CT CHEST WO CONTRAST OP	3
CR	RA Chest 1 View Frontal	3
CT	Abdomen^ENTEROGRAPHY_GR (Adult)	3
CT	Head^CTA_HEAD (Adult)	3
CR	LUMBAR SACRAL SPINE 2 OR 3 VIEWS (ROUTINE)	3
CT	C/A/P IP	3
MR	MR KNEE LEFT WO CONTRAST	2
CT	CT CHEST WO CONTRAST IP	2
MR	lspine	2
DX	XR LEFT KNEE 4+ VIEWS	2
MR	SPINE^MR Spine Cervical (2019)	2
DX	XR CHEST POSTEROANTERIOR WITH DECUBITUS	2
DX	XR CHEST 3 VIEWS	2
CT	CT HEAD (BRAIN LAB) WO CONTRAST POST OP	2
DX	XR KNEE RT 3 VIEWS	2
DR	XR CHEST PA AND LATERAL	2
MR	L-SPINE^L-SP optimized	2
CT	CT FACE/SINUSES + NECK (H AND N CANCER) W CONTRAST*	2
DX	CHEST-PA AND LATERAL VIEWS	2
CT	CT CHEST FOR NODULE	2
CT	CT CHEST HIGH RESOLUTION WITHOUT CONTRAST	2
DX	XR LEFT HAND 3+ VIEWS	2
CT	CT CHEST W CONTRAST IP	2
CT	CT CT-ANGIOGRAPHY CHEST W/WO	2
CT	CT CHEST W CON	2
DX	XR HIP RIGHT 1 VIEW	2
DX	PORT - CXR	2
DX	Performed Desc	2
DX	RIBS - UNILATERAL NO CHEST-CS	2
DX	FOOT RIGHT COMPLETE MIN 3 VIEWS	2
DX	XR FOOT RIGHT (ROUTINE: AP,LAT,OBL)	2
MR	T-SPINE^ROUTINE	2
CT	CT CT-Thorax (W/O Contrast)	2
CT	CT CT PULMONARY ANGIOGRAPHY	2
MR	MR SHOULDER RIGHT WO CONTRAST	2
DX	CHEST 1 VIEW PORTABLE	2
DX	XR KNEE RT 1 OR 2 VIEWS	2
DX	CHEST-PA ONLY	2
CTPT	PET^1HPPETCT_NETSPOT (Adult)	2
CT	JOINY CT CHEST	2
MR	KNEE	2
CT	Thorax^01_CHEST_ROUTINE_WO (Adult)	2
CT	Thorax^11_Chest_BX_Startup_NObreathing (Adult)	2
CT	JCCI CAP TRIPLE	2
CT	Head^head_woandwith_GR (Adult)	2
CT	Thorax^1CAP_W_IRIS (Adult)	2
DX	XR SPINE LUMBAR (AP+LAT+OBLIQUES)	2
CT	Thorax^1_CHEST_WO_IRIS (Adult)	2
CT	Head^MAXILLOFACIAL (Adult)	2
CT	Thorax^CAP_WO (Adult)	2
DX	XR SPINE LUMBAR (AP+LAT, SUPINE+UPRIGHT)	2
CT	Head^HEAD_FAST (Adult)	2
CT	Head^HEAD_C_SPINE (Adult)	2
DX	XR RIGHT HAND 3+ VIEWS	2
CT	Thorax^CHEST_WO_IRIS (Adult)	2
CT	Head^DE_CTA_NECK (Adult)	2
CT	Thorax^CTA_AAA (Adult)	2
DX	XR RIGHT KNEE 4+ VIEWS	2
CT	JCCI CT CHEST HRCT	2
CT	Head^DE_CTA_HEAD (Adult)	2
CT	Thorax^01_CHEST_ROUTINE_WITH (Adult)	2
DX	XR SHOULDER RT 1 VIEW	2
CT	JOICC CT CHEST W/	2
CT	JOICC CT CHEST	2
CT	JHN STNECK CAP W OP	2
CT	JHN OP CHEST WO	2
DX	XR SHOULDER 2 OR MORE VIEW	2
CT	JOINY CT CHEST/PELVIS WITH	2
CT	JHN CT CHEST WO OP	2
CT	JHN CHEST PE OP	2
CT	Pelvis^PELVIS_TRAUMA_Customized (Adult)	2
DX	XR SHOULDER RT 2 OR MORE VIEWS	2
CT	CT CHEST ABDOMEN AND PELVIS W CONTRAST	2
DX	XR SPINE CERVICAL (AP + LAT)	2
DX	XR RIGHT SHOULDER 2+ VIEWS	2
CT	THORAX CT WITH CONTRAST DIAGNOSTIC	2
DX	XR SPINE LUMBAR (AP, LAT, FLEX/EX)	2
CT	Head^CT_MAXILLOFACIAL_WO (Adult)	2
CT	CT HEAD WITHOUT	2
DX	XR RIBS INCLUDING PA CHEST XR, BILATE	2
DX	XR P PORT CHEST 1V LINE PLCMNT-NO CHARGE	2
CT	Vascular^CTA_HEADNECK_GR (Adult)	2
CT	Vascular^CTA_MESSENTERIC (Adult)	2
MR	HEAD^BRAIN	2
CT	Vascular^FL_CTPA (Adult)	2
CT	CT LEVEL 1-2 SPINE THORACIC LUMBAR REFORMATS W ED TRAUMA	2
CT	CT LEVEL 1-2 HEAD WO ED TRAUMA	2
CT	CT LEVEL 1-2 CERVICAL SPINE WO ED TRAUMA	2
CT	CT LEVEL 1-2 ANGIOGRAPHY NECK ED TRAUMA	2
CT	CT HEART WITH CONTRAST	2
CT	Vascular^RUNOFF_CTA (Adult)	2
CT	CT HEART W CONTRAST 3D CONGENITAL HEART DISEASE	2
DX	XR LOWER LEG (TIBIA/FIBULA) LEFT	2
CT	CT HEART PULMONARY VEINS STRUCTURE MORPHOLOGY WITH CONTRAST	2
CT	e+1 CT CHEST WO CONTRAST	2
DX	XR RIBS BILATERAL WITH CHEST - 1 VIEW	2
CT	JOINE CT CHEST	2
DX	XR SPINE THORACIC (AP+LAT)	2
CT	Thorax^XL_CAP_WITH_Customized (Adult)	2
CT	Thorax^CT_CHEST_WO_AND_HI_RES_CUTS (Adult)	2
CT	Thorax^DE_TRAUMA_CAP_WITH_FEET_FIRST__INFUSION_AUTO_Customized (	2
MG	MAMMO 3D TOMO SCREENING BILATERAL	2
CT	Chest	2
CT	Cardiac^DANIELS_ROUTINE (Adult)	2
CT	CTA MICS IP	2
CT	CTA HEAD NECK(Adult)	2
CT	CTA Chest W Embolus	2
CT	CTA CIRCLE OF WILLIS-CS	2
CT	CTA CHEST(Adult)	2
CT	Thorax^LOW_DOSE_LUNG_UNDER_30_BMI (Adult)	2
CT	CTA CHEST AND CT ABDOMEN AND PELVIS W CONT	2
CT	CTA ABDOMEN PELVIS AND BILATERAL EXTREMITY	2
CT	CT UROGRAM W POST PROCESSING	2
CT	Thorax^VERAN_MEDIUM (Adult)	2
CT	Thorax^XL_CHEST_WITH_Customized (Adult)	2
CT	CT: Chest w/contrast	2
CR	XR PORT ABDOMEN 1V LINE PLCMNT - NO CHARGE	2
CT	CAP COMBO(Adult)	2
CT	BRAIN W/ CONTRAST (CT)-CS	2
CR	XR SPINE CERVICAL (AP + LAT)	2
CT	BRAIN LAB ENT(Adult)	2
CT	ABOVE 30 BMI LUNG LOW DOSE(Adult)	2
CR	BONE MINERAL DENSITY DXA AXIAL SKELETON (ROUTINE)	2
CT	CT ABDOMEN WWO CONTRAST (ADRENALS)	2
CR	XR CHEST 3 VIEWS	2
CR	CHEST, TWO VIEWS	2
CR	XR PORT CHEST	2
CR	XR PORT ABDOMEN SINGLE VIEW AP	2
CT	Abdomen^ROUTINE_AP_LOW_DOSE_WO__Customized (Adult)	2
CT	CHEST PE OP	2
CT	Abdomen^PEDS__ABD_PEL_WITH (Child)	2
CT	CHEST PE ER	2
CR	Hip R	2
CT	CT ABDOMEN W CONTRAST (PANCREAS)	2
CT	CARDIAC PUL VEIN OP	2
CT	CAP OP	2
CT	CT ABDOMEN PELVIS W WO CONTRAST	2
CR	FOOT	2
CT	CHEST/ABD-PEL W/WO IP	2
CR	FOOT LEFT 3 VIEWS (WEIGHT BEARING)	2
CT	CHEST WITH(Adult)	2
CT	CT ABD AND PELVIS W WO CONTRAS-CS	2
CT	CT ABD-PEL WO/W CM	2
CR	CHEST 1 VIEW PORTABLE	2
CR	Performed Desc	2
CR	PORTABLE CXR PICC PLMT	2
CT	Abdomen^11_ADRENAL (Adult)	2
CT	CHEST W CONTRAST CT	2
CT	CT ABDOMEN PELVIS W CO	2
CR	HAND LEFT 3 VIEWS MIN	2
CR	HIP COMPLETE LEFT MIN 2 VWS	2
CR	HIP COMPLETE RIGHT MIN 2 VWS	2
CT	CAP IV ER	2
CR	RIBS UNILATERAL LEFT 2 VIEWS	2
CT	ABDOMEN KIDNEY CHEST PELVIS WITH(Adult)	2
CR	ANKLE LEFT MIN 3 VIEWS	2
CR	DR Chest PORTABLE	2
CR	XR KNEE LT 3 VIEWS	2
CR	XR KNEE LT 4 OR MORE VIEWS	2
CT	Abdomen^CT_MARKS_CAILLAT_AP (Adult)	2
CT	CT ANGIOGRAPHY CHEST WITH CONTRAST	2
CT	Abdomen^ENTEROGRAPHY (Adult)	2
CR	XR CHEST PA LATERAL W BOTH OBLIQUE PROJECTIONS;	2
CR	XR LOWER LEG (TIBIA/FIBULA) LEFT	2
CR	XR LUMBAR SPINE 2-3 VIEWS	2
CR	KNEE LEFT 3 VIEWS (ROUTINE)	2
CT	CT CARDIAC W	2
CR	ABDOMEN SERIES INCL CHEST-CS	2
CT	CARDIAC TRIPLE RULE OUT OP	2
CR	DX CHEST PORT LINE/TUBE PLCMT 1 EXAM	2
CR	XR CHEST LATERAL, DECUBITUS, OR BUCKY	2
CR	XR HIP RIGHT 2-3 VIEWS WWO PELVIS	2
CT	CT ANGIOGRAM CHEST FOR PULMONARY HYPE	2
CT	CHEST CT WITH CONTRAST	2
CT	CT CERVICAL SPINE WO IV CONTRAST	2
CT	Abdomen^CYSTOGRAM (Adult)	2
CR	XR FOOT LEFT (ROUTINE: AP,LAT,OBL)	2
CT	Abdomen^CTA_ABD_PELVIS_ (Adult)	2
CR	DG CHEST 1V	2
CR	ANKLE RIGHT 3 VIEWS (WEIGHT BEARING)	2
CT	Abdomen^ABD_WWO_renalmass_GR (Adult)	2
CR	XR HIP LEFT 2-3 VIEWS WWO PELVIS	2
CR	SHOULDER RIGHT 4 VIEWS	1
CR	SINUSES COMPLETE MIN 3 VIEWS	1
DX	Chest 2 View	1
CR	RIBS UNILATERAL LEFT 2 VWS WITH PA CHEST	1
DX	Chest 2 Views Frontal and Lat	1
DX	ANKLE RIGHT MIN 3 VIEWS	1
DX	CXR 2 VIEW	1
CR	SHOULDER 3 VIEWS RIGHT	1
CR	RIBS UNILATERAL RIGHT 2 VWS WITH PA CHEST	1
DX	Acute Abd child	1
CR	RIGHT FOOT-ROUTINE STUDY(RAD)-CS	1
DX	Adult Chest - 2 Views	1
CR	RIGHT KNEE-ROUTINE STUDY (RAD)-CS	1
DX	BRONCHOSCOPY	1
CR	SHOULDER RIGHT 2 VIEWS	1
DX	CHEST XRAY 2 VIEW (PA & LATE	1
DX	CHEST X-RAY	1
CR	Ribs bilat	1
DX	ChestPA WALL	1
CR	SHOULDER LEFT 1 VIEW	1
DX	CHEST DECUB RGHT/LFT/BIL (RAD)-CS	1
CR	SACRUM AND COCCYX MIN 2 VIEWS	1
CT	CT CHEST ABD PELVIS W O CONTRAST	1
DX	FOREARM LEFT 2 VIEWS	1
DX	DR Chest PORTABLE	1
DX	DR Chest Routine 2 Views	1
DX	KNEE 3 VIEWS LEFT	1
CR	LUMBAR SACRAL SPINE MIN 4 VIEWS	1
DX	KNEE COMPLETE LEFT 4 OR MORE VIEWS	1
DX	Knee - 3 Views	1
DX	L-SpineLAT WALL	1
DX	LUMBAR SACRAL SPINE 2/3 VIEWS	1
DX	LUMBOSACRAL SP W/OBL ROUTINE-CS	1
DX	Obstruction  Series	1
CR	LT Foot	1
CR	LEFT WRIST-ROUTINE STUDY-CS	1
DX	PORT CHEST	1
DX	PORTABLE CHEST 1 VIEW	1
DX	PelvisAP TABLE	1
CR	LEFT KNEE 1 OR 2 VIEWS (RAD)-CS	1
CR	LEFT FOOT - ROUTINE STUDY(RAD)-CS	1
CR	LCMC XR CHEST ABDOMEN 1 VW EACH	1
CR	LCMC XR ABDOMEN 1 VW	1
DX	KNEE 2 VIEWS RIGHT	1
DX	KNEE 2 VIEWS LEFT	1
CR	LUMBOSACRAL SPINE AP/LAT ONLY-CS	1
CR	OUT X-RAY CHEST 1 VIEW	1
CR	RIBS - UNILATERAL NO CHEST-CS	1
DX	ELBOW COMPLETE LEFT MIN 3 VIEWS	1
DX	FEMUR RIGHT 2 VIEWS MIN	1
DX	FINGER(S) LEFT 2 VIEWS MIN	1
DX	FOOT 2 VIEWS RIGHT	1
DX	FOOT 3+ VIEWS, LEFT	1
CR	PORTABLE ABDOMEN	1
DX	FOREARM RIGHT 2 VIEWS	1
DX	HIP COMPLETE LEFT MIN 2VWS ORTHO (AP AND LAT HIP)	1
DX	Foot - 2 Views	1
DX	Foot RT	1
DX	GASTROGRAFIN CHALLENGE, ABDOMEN 1V, INITIAL	1
DX	GD CHEST ONE VIEW	1
DX	HAND LEFT 3 VIEWS MIN	1
DX	HAND RIGHT 3 VIEWS MIN	1
CR	Lumbar spine	1
DX	ANKLE LEFT 3 VIEWS (WEIGHT BEARING)	1
CT	e+1 ct chest	1
DX	ANKLE 3 VIEWS RIGHT	1
CT	Thorax^ROUTINE_CHEST_W (Adult)	1
CR	XR CHEST BEDSIDE 1VIEW -PROV	1
CR	XR CHEST APLATAPICAL LORDOTIC	1
CT	Thorax^VERAN_LARGE (Adult)	1
CR	XR CHEST AP/PA LATERAL WITH OBLIQUES 3-4 VW	1
CR	XR CHEST AP LAT 2V	1
CR	XR CHEST AP 1V	1
CT	Thorax^XL_CAP_WO_Customized (Adult)	1
CR	XR CHEST ABDOMEN 1 VW EACH	1
CR	XR CHEST 4+ VIEWS	1
CR	XR CHEST 4 OR MORE VIEWS	1
CT	Thorax^XL_PE_ABD_PELVIS (Adult)	1
CR	XR CHEST 2 VIEWS WITH DECUBITUS VIEWS	1
CT	Vascular^CODE_STROKE_CTA_WITH_PERFUSION_WS (Adult)	1
CT	Vascular^CTA_ABD_PEL_GI_BLEED (Adult)	1
CT	Vascular^CTA_CAP_GR (Adult)	1
CR	XR CHEST 2 VIEW (PA,LAT)	1
CR	XR CHEST  INSPIRATION AND EXPIRATION	1
CR	XR ANKLE RIGHT (ROUTINE: AP,LAT,OBL)	1
CR	XR ACUTE ABDOMEN (SUPINE,UPRIGHT,AND 1 VIEW CHEST)	1
CT	Thorax^ROUTINE_CONTRAST_CHEST_175lbs_andUnder (Adult)	1
CR	XR CHEST BILATERAL DECUBITUS ONLY	1
CR	SKULL LESS THAN 4 VIEWS	1
CT	Thorax^Pulmonary_Embolism_Study (Adult)	1
CR	XR HAND LEFT (ROUTINE: AP,LAT,OBL)	1
CR	XR HAND LEFT (LIMITED: AP,LAT)	1
CR	XR Chest Infant 2 View	1
CT	Thorax^HI_RES_CHEST_UPDATE (Adult)	1
CT	Thorax^ILD_BMI_Greater_than_40 (Adult)	1
CT	Thorax^LOW_DOSE_CHEST_LG (Adult)	1
CR	XR Chest 1 V Portable CR	1
CR	XR COVID-19 Chest 1 View Portable	1
CR	XR CHEST SPECIAL VIEW (LORDOTIC,DECUB)	1
CR	XR CHEST PNEUMONIA ALERT 2 VWS	1
CR	XR CHEST LEFT DECUBITUS VIEW (RIGHT SIDE UP)	1
CT	Thorax^LungLowDose (Adult)	1
CT	Thorax^MCV_CH_AB_PL_ROUTINE (Adult)	1
CR	XR CHEST LATERAL DECUBITUS RIGHT	1
CR	XR CHEST DECUBITUS 1 VW RIGHT	1
CR	XR CHEST DECUBITUS 1 VW LEFT	1
CT	Thorax^PEDS__PE_CHEST (Child)	1
CT	Thorax^PE_ (Adult)	1
CT	Thorax^PE_CHEST_IRIS (Adult)	1
CR	XR ABDOMEN SINGLE AP VIEW	1
CR	XR ABDOMEN ACUTE PORTABLE	1
CR	XR ABDOMEN 1 VW	1
CR	Wrist 4 View	1
CT	e+1 CTA CHEST (PE STUDY) W CONTRAST	1
CT	e+1 CTA CHEST WO/W	1
CT	e+1 CTA PE CHEST W	1
CT	e+1 CTA dissection	1
CT	e+1 Head	1
DX	SHOULDER 3 VIEWS LEFT	1
CT	e+1 ct chest abdomen pelvi	1
CT	e+1 ct chest abdomen pelvis with contrast	1
CT	jhn c/ap w op	1
CT	jhn ct chest wo op	1
CTPT	PET FEVER OF UNKNOWN O	1
CTPT	PET SARCOMA (W/LOW DOS	1
CTPT	PET TUMOR IMAGING WITH GA-68 DOTATATE	1
CR	TIBIA AND FIBULA RIGHT 2 VIEWS	1
CR	TIBIA AND FIBULA LEFT 2 VIEWS	1
CR	THORACIC SPINE 2 VIEWS	1
CR	Skull, Sinus & Facial,Nasal & Orbits	1
CR	Shoulder L	1
DX	ABDOMEN COMPLETE MIN 2 VWS	1
CT	e+1 CTA ANGIO NECK	1
CT	e+1 CT T SPINE RECON	1
CT	e+1 CT SOFT TISSUE NECK W CONTRAST	1
CT	Vascular^VENOUS_AbdPel_Less45 (Adult)	1
CT	Vascular^HEAD_NECK_CTA (Adult)	1
CT	Vascular^POST_THORACIC_STENT (Adult)	1
CR	WRIST COMPLETE RIGHT 3 VIEWS MIN	1
CR	VP SHUNT - CHEST 2V, ABD COMPLETE, SKULL < 4VWS	1
CT	Vascular^RENAL_CTA (Adult)	1
CR	Unspecified CR CHEST	1
CR	Unknown RIS Code	1
CR	Thoracic spine	1
CT	Vascular^_DISSECTION_CHEST_only (Adult)	1
CT	e+1 CT Chest Without Contrast	1
CT	ct chest w/o	1
CT	e+1 CT ANGIO CHEST W	1
CT	e+1 CT CHEST  ABDOMEN PELVIS WO	1
CT	e+1 CT CHEST ABDOMEN PELVIS WITHOUT CONTRAST	1
CT	e+1 CT CHEST W	1
CT	e+1 CT CHEST WITHOUT CONTRAST	1
CT	e+1 CT CHEST WO	1
CR	TIBIA AND FIBULA RT, 4 VWS OR MORE	1
CR	L/S Spine	1
DX	XR ANKLE RIGHT (ROUTINE: AP,LAT,OBL)	1
DX	SMALL BOWEL	1
DX	THORACIC SPINE 3 VIEWS	1
DX	XR WRIST RIGHT (SCAPHOID VIEW)	1
CR	CERVICAL SPINE 2-3 VIEWS	1
MG	DIGITAL SCREEN MAMMO W/CAD	1
CR	C-Spine	1
MG	MAMMO SCREENING DIGITAL BILATERAL	1
MG	MG-POST PROCEDURE MAMMMO	1
MG	SCREENING - CONVENTIONAL	1
MR	ABDOMEN 2018^ABD GENERIC ABDOMEN DOT 2019	1
MR	ABDOMEN PELVIS MRI^MRCP	1
MR	ABDOMEN^ENTEROGRAPHY 2013	1
MR	ABDOMEN^GREENSBORO	1
MR	ABDOMEN^GSO ABDOMEN	1
MR	ABDOMEN^GSO MRCP	1
MR	ABDOMEN^ROUTINE (NEW)	1
MR	ABDOMINAL^GENERIC ABD_PEL	1
MR	ABDOMINAL^LIVER	1
MR	ABD^RAPID MRCP	1
MR	ANGIOS^GBO	1
MR	BRAIN^BRAIN	1
DX	XR WRIST RIGHT (ROUTINE: AP,LAT,OBL)	1
DX	XR WRIST LEFT (ROUTINE: AP,LAT,OBL)	1
DX	XR WRIST LEFT (LIMITED: AP,LAT)	1
CR	CHEST FOUR VIEWS	1
DX	XR RIGHT HIP 2-3 VIEWS (UNILATERAL) WITH PELVIS WHEN PERFORMED	1
CR	CHEST, LAT DECUB LT	1
CR	CHEST PA AND LATERAL	1
CR	CHEST PA AND LAT	1
DX	XR SHOULDER LT 2 OR MORE VIEWS	1
CR	CHEST PA   LATERAL (RAD)-CS	1
CR	CHEST LAT	1
DX	XR SPINE CERVICAL (4 VIEWS - AP+LAT+FLEX/EX)*	1
DX	XR SPINE CERVICAL (LATERAL ONLY - FLEX/EX)	1
DX	XR TOES RIGHT (SPECIFY DIGITS)	1
CR	CHEST DECUB RGHT/LFT/BIL (RAD)-CS	1
CR	CHEST 1 VIEW PA	1
CR	CHEST 1 VIEW AP/PA	1
CR	CHEST - PA AND LAT	1
DX	XR SPINE THORACIC (AP+LAT, SUP/UPRIGHT)	1
CR	CERVICAL SPINE-2/3 VIEWS ONLY-CS	1
DX	XR THIGH/FEMUR LEFT 2V	1
DX	XR THIGH/FEMUR RIGHT 2V	1
MR	C-SPINE 2019^CERVICAL ROUTINE 2019	1
CR	BILATERAL KNEE 3 VIEWS-CS	1
MR	CHEST^CHEST WALL	1
MR	SPINE^NEW TOTAL SPINES (1/13)	1
MR	MRI L SPINE	1
MR	MRI SPINE LUMBAR WO IV CONTRAST	1
MR	PELVIS^ROUTINE	1
MR	QA scan^MQA_DAILY_QA	1
MR	RIGHT foot	1
MR	SPINE L-SPINE	1
CR	ANKLE LEFT 3 VIEWS (WEIGHT BEARING)	1
CR	ADULT CHEST 2 VIEW	1
CR	ADULT CHEST - 2 VIEWS	1
MR	MRI Abdomen w/ + w/o Contrast	1
MR	WRIST^ROUTINE	1
MR	e+1 MR SPINE LUMBAR WO CONTRAST	1
PR	XR CHEST 1 VIEW	1
RF	CHEST-SINGLE VIEW (RAD)-CS	1
RF	GASTROGRAFIN SINGLE CONTRAST ENEMA	1
RF	GENICULAR RFA LT	1
RF	HIP RT MIN 2V W PEL 73502-CS	1
US	THORACENTESIS LT 32555 US-CS	1
MR	MRI BREAST BILATERAL WO W IV CONTRAST	1
MR	MR SPINE THORACIC WO CONTRAST	1
MR	CSPINE^ROUTINE 2013	1
CR	Ankle & Foot	1
MR	ELBOW	1
MR	FOOT	1
CR	BILATERAL FOOT AP&LAT-CS	1
CR	BILATERAL ANKLE MIN 3 VIEWS-CS	1
MR	KNEE^LEFT	1
MR	L-SPINE	1
MR	L-SPINE 2013^LSP PDH	1
MR	L-SPINE 2019^LUMBAR  2019	1
CR	Abdomen GU,Abdomen	1
MR	MR SPINE LUMBAR WWO CONTRAST	1
MR	L-SPINE^high point neuro	1
MR	LOWER EXTREMITY^KNEE	1
MR	MR ABD PEL WWO	1
MR	MR ABDOMEN WO/W CM	1
MR	MR FOOT (FOREFOOT) RIGHT WO CONTRAST	1
CR	ANKLE RIGHT MIN 3 VIEWS	1
MR	MR LUMBAR SPINE W/O CM	1
MR	MR SHOULDER LEFT WO CONTRAST	1
CR	CHEST-PA AND LATERAL VIEWS	1
DX	XR RIGHT ELBOW 3+ VIEWS	1
CR	CHEST-PA ONLY	1
CR	HIP LEFT MIN 2 VIEWS ORTHO (LATERAL AND AP HIP)	1
CR	Hand & Wrist	1
DX	XR CHEST 2 VW	1
DX	XR CHEST 2 VW W APICAL LORDOTIC	1
CR	HUMERUS LEFT 2 VIEWS MIN	1
DX	XR CHEST 4+ VIEWS	1
CR	HIP RIGHT 1 VIEW	1
DX	XR CHEST ABDOMEN	1
DX	XR CHEST DECUBITUS VIEWS, BILATERAL	1
DX	XR CHEST LATERAL DECUBITUS LEFT	1
DX	XR CHEST 2 VIEWS WITH APICAL LORDOTIC	1
DX	XR CHEST LATERAL, DECUBITUS, OR BUCKY	1
DX	XR CHEST LEFT DECUBITUS VIEW (RIGHT SIDE UP)	1
CR	HAND 2 VIEWS LEFT	1
CR	Femur / Joints L	1
CR	FOREARM RIGHT 2 VIEWS	1
CR	FOREARM LEFT 2 VIEWS	1
DX	XR CHEST PA FOR PICC PLACEMENT	1
DX	XR CHEST PA LAT 2V	1
DX	XR CHEST 2 VIEWS WITH OBLIQUES	1
CR	INFANT BONE SURVEY UP TO 12 MONTHS OLD	1
DX	XR CHEST PA, LATERAL AND APICAL LORDO	1
DX	XR ABDOMEN COMPLETE W UPRIGHT CHEST	1
DX	THORACIC SPINE 3 VIEWS-CS	1
DX	TIBIA AND FIBULA LEFT 2 VIEWS	1
DX	TIBIA AND FIBULA RIGHT 2 VIEWS	1
CR	L/S SP W/OBL  FLEX & EXTEN-CS	1
DX	WRIST COMPLETE RIGHT 3 VIEWS MIN	1
DX	X-RAY CHEST 1 VIEW, FRONTAL, PORTABLE	1
DX	X-RAY CHEST 1 VIEW, FRONTAL, portable	1
CR	Knee Lt.	1
DX	XR ABDOMEN FEEDING TUBE 1 VIEW	1
DX	XR CHEST 1 VW ABDOMEN 1 VW	1
DX	XR ABDOMEN SITZ MARKER	1
DX	XR ABDOMEN TO CHECK TUBE PLCMT	1
DX	XR ABDOMEN TUBE POSITION CHECK	1
DX	XR ACUTE ABDOMEN (SUPINE,UPRIGHT,AND 1 VIEW CHEST)	1
DX	XR ANKLE LEFT (ROUTINE: AP,LAT,OBL)	1
CT	Thorax^FLASH_CAP_WITH_Customized (Adult)	1
CR	KNEE 3 VIEWS LEFT	1
CR	KNEE 2 VIEWS LEFT	1
CR	FOOT LEFT MIN 3 VIEWS (ROUTINE)	1
DX	XR CHEST PA, LATERAL, OBLIQUES	1
CR	CR Chest - 2 Views **	1
CR	DX CHEST PORT LINE/TUBE PLCMT 2 EXAMS	1
CR	DX CHEST SINGLE VIEW AP OR PA	1
CR	DX CHEST PORTABLE PICC LINE PLACEMENT	1
DX	XR KNEES ANTEROPOSTERIOR STANDING BILATERAL	1
DX	XR KNEES BILATERAL	1
DX	XR KNEES BILATERAL STANDING (3 VIEWS)	1
CR	DX CHEST PORT LINE/TUBE PLCMT 5 EXAMS	1
DX	XR LEFT HIP 2-3 VIEWS (UNILATERAL) WITH PELVIS WHEN PERFORMED	1
CR	DX CHEST PORT LINE/TUBE PLCMT 3 EXAMS	1
CR	DG RIBS W/ CHEST 3+V*L*	1
DX	XR HIP RIGHT 2-3 VIEWS WWO PELVIS	1
DX	XR P PORT PELVIS 1-2 VIEWS	1
DX	XR PELVIS COMPLETE MINIMUM 3 VIEWS	1
DX	XR PELVIS LIMITED 1 OR 2 VIEW	1
DX	XR RIBS BILATERAL W PA CHEST	1
CR	DCH2	1
CR	Chest Single View Frontal	1
CR	Chest PA + Lat	1
CR	Chest 2 Views Frontal and Lat	1
CR	DX KNEE 3 VIEWS UNILATERAL RIGHT	1
CR	DXR: CHEST PA + LATERAL XRAY	1
CR	FEMUR LEFT 2 VIEWS MIN	1
DX	XR EG TUBE PLACEMENT	1
CR	ELBOW RIGHT MIN 3 VIEWS (ROUTINE)	1
DX	XR CHEST RIGHT DECUBITUS VIEW (LEFT SIDE UP)	1
DX	XR CHEST SINGLE VIEW - LINE PLACEMENT	1
CR	DXR: Chest PA xray	1
DX	XR CHEST WITH OBLIQUE	1
DX	XR CHEST/ABDOMEN CHILD ONE VIEW	1
DX	XR CLAVICLE LEFT	1
CR	DXR: Chest AP for PICC Line	1
DX	XR ELBOW RIGHT (LIMITED: AP LAT)	1
DX	XR HANDS BILATERAL (1-2 VIEWS)	1
DX	XR FEET BILATERAL	1
DX	XR FOOT LEFT (ROUTINE: AP,LAT,OBL)	1
CR	DXR: Chest - AP Portable	1
DX	XR FOREARM (RADIUS/ULNA) LEFT	1
DX	XR FOREARM (RADIUS/ULNA) RIGHT	1
DX	XR HAND LEFT (ROUTINE: AP LAT OBL)	1
DX	XR HAND LEFT (ROUTINE: AP,LAT,OBL)	1
DX	XR HAND RIGHT (ROUTINE: AP,LAT,OBL)	1
CR	XR HAND RIGHT (ROUTINE: AP,LAT,OBL)	1
CR	XR P PORT CHEST 1V - RFO	1
CT	Thorax^FLASH_CAP_WITHOUT (Adult)	1
CT	CHEST PULMONARY EMBOLISM CTA	1
CT	CARDIAC PV OP	1
CT	CARDIAC MICS OP	1
CT	CARDIAC IP	1
CT	CAP WO IP	1
CT	CT-CHEST WO	1
CT	CT: CTA Chest for PE	1
CT	CAP W/WO OP	1
CT	CTA ABDOMEN AND PELVIS-CS	1
CT	CAP W/O IP	1
CT	CAP TRIPLE IP	1
CT	CAP PLAIN ER	1
CT	CTA CARDIAC OP	1
CT	CTA CHESPE IV IP	1
CT	CTA CHEST ABDOMEN PELVIS W/O & W IV CON	1
CT	CTA CHEST AORTA ANGIOGRAPHY W WO CONTRAST	1
CT	CAP ER TRAUMA	1
CT	CAP ER	1
CT	CTA CHEST W WO CONTRAST	1
CT	CAP ED	1
CT	CT Thorax High Resolution	1
CT	CARDIAC TRIPLE OP	1
CT	CT TRAUMA CHEST ABDOMEN PELVIS W CONTRAST	1
CT	CT PELVIS WWO CONTRAST	1
CT	CT ORBITS OPTIC NERVES WO CONTRAST	1
CT	CT ORBITS OPTIC NERVES WWO CONTRAST	1
CT	CT OUTSIDE ABDOMEN PELVIS W INTERPRETATION OR CONSULT	1
CT	CT P CHEST AND UPPER ABD W	1
CT	CHEST PE  IP	1
CT	CHEST OP CARDIAC/PVEIN	1
CT	CHEST IP IV	1
CT	CHEST ER	1
CT	CT PULM VEIN OP	1
CT	CCHWO	1
CT	CHEST CT WITHOUT CONTRAST	1
CT	CT SPINE CERVICAL W CONTRAST	1
CT	CT SPINE THORACIC LUMBAR REFORMATS WO CONTRAST	1
CT	CT SPINE THORACIC W CONTRAST	1
CT	CHEST ABD PELVIS	1
CT	CT THORACIC SPINE REFORMAT IMAG	1
CT	CHEST /A/ P IV IP	1
CT	CEHST PE IP	1
CT	CAP COMBO OP	1
CT	CAP COMBO	1
CT	CAP 3D PANC IP	1
CT	Head^DE_HEAD_WITH_Customized (Adult)	1
CT	C/A/P ER	1
CT	C/A/P 3 PHASE IP	1
CT	Head^CT_HEAD_WO_CHEST_WO (Adult)	1
CT	Abdomen^STONE_XXL (Adult)	1
CT	Abdomen^STONE_LOW_DOSE_1 (Adult)	1
CT	Abdomen^STONE_FULL (Adult)	1
CT	Abdomen^ROUTINE_AP_WITH_OVER_50_OVER_250 (Adult)	1
CT	Abdomen^RENAL_MASS (Adult)	1
CT	Head^FACE_ORBITS_GR (Adult)	1
CT	C/A/P IP ADRENAL	1
CT	Abdomen^MARKS_CAILLATT_PROTOCOL (Adult)	1
CT	Head^FACIAL_BONES_WO (Adult)	1
CT	Head^FAST_HEAD_Customized (Adult)	1
CT	Head^HEAD_CERV_COMB (Adult)	1
CT	Abdomen^HEMATURIA_GREATERTHAN45 (Adult)	1
CT	Head^HEAD_FACE_C_SPINE (Adult)	1
CT	Abdomen^HEMATURIA_45_and_UNDER (Adult)	1
CT	Abdomen^DUAL_PHASE_ABDOMEN (Adult)	1
CT	C/A/P IP 3D PANC	1
CT	C/A/P IV IP	1
CT	CAP 3D PANC	1
CT	Cardiac^CA_SCORING_2018 (Adult)	1
CT	CAP 3D LIVER	1
CT	CTA P PE CHEST W	1
CT	CAP 3 PHASE LIVER	1
CT	CTA_CAP W/WO	1
CT	CTSTNECK CHEST ABDOMEN PELVIS W WO CONTRAST	1
CT	CT_AP_WO	1
CT	Cardiac^ALIVE (Adult)	1
CT	Cardiac^CALCIUM_SCORE_ROUTINE (Adult)	1
CT	CAP	1
CT	C/A/P OP	1
CT	Cardiac^CORONARY_RETROSPECTIVE_MORE_PAD (Adult)	1
CT	C/AP WO OP	1
CT	C/A/P W/O IP	1
CT	C/A/P TAVR OP	1
CT	C/A/P OP W/O	1
CT	Chest PE AVERAGE	1
CT	C/A/P OP TAVAR	1
CT	C/A/P OP 3PHAZ	1
CT	CHEST PLAIN OP	1
CT	CHEST PULMONARY WITH	1
CT	Thorax^DE_TRAUMA_CAP_WITH__INFUSION_AUTO_Customized (Adult)	1
CT	CT LUMBAR SPINE WO IV CONTRAST	1
CT	CT ANGIOGRAM CHEST W CONTRAST	1
CT	CT CHEST W CONTRAST OP	1
CT	CT CHEST W CONTRAST PULMONARY EMBOLISM	1
CT	CT ANGIOGRAM ABDOMINAL AORTA AND BILATERAL ILIOFEMORAL RUNOFF W*	1
CT	CT CHEST W IV CONTRAST PROTOCOL	1
CT	CT CHEST W IV CONTRAST PULMONARY EMBOLUS	1
CT	CT ANGIO NECK	1
CT	CT ANGIO HEAD W OR WO CONTRAST	1
CT	CT ANGIO CHST/ABD/PEL W/WO CONTRAST	1
CT	CT CHEST W W/O CONTRAST	1
CT	CT ANGIO CHEST WITH ECG GATING	1
CT	CT CHEST W/O	1
CT	CT ANGIO CHEST WITH AND WITHOUT CONTRAST	1
CT	CT ANGIO CHEST PE	1
CT	CT CHEST WITH CONT	1
CT	CT CHEST WITH CONTR	1
CT	CT CHEST WITHOUT CONTR	1
CT	CT ANGIO ATRIAL FIBRILLATION	1
CT	CT CHEST WO CONT	1
CT	CT CHEST W CONT PULMONARY ARTERIES FOR PE	1
CT	CT CHEST W CON OP	1
CT	CT ANGIOGRAM CHEST W W	1
CT	CT CAP W/ WT lOSS OP	1
CT	CT CHEST (PULMONARY EMBOLISM) PELVIS LOWER EXTREMITY BILATERAL (	1
CT	CT CHEST (CPT=71250)	1
CT	CT CHEST ABDOMEN PELVIS W IV CONTRAST	1
CT	CT CHEST   W/O 71250	1
CT	CT CHEST ABDOMEN WO CO	1
CT	CT CHEST AND ABDOMEN AND PELVIS WWO CONTRAST	1
CT	CT CHEST ANGIO	1
CT	CT CAP WITH CONTRAST	1
CT	CT CHEST HI-RESOLUTION W/O IV CONTRAST	1
CT	CT CHEST W  ABDOMEN PELVIS WWO	1
CT	CT CAP W TRAUMA	1
CT	CT CHEST IV IP	1
CT	CT CAP IP	1
CT	CT ANGIOGRAPHY CHEST WITH CONTRAST PULMEMB	1
CT	CT CHEST LUNG CANCER SCREENING LOW DOSE W/O CM	1
CT	CT ANGIOGRAM OF CHEST, ABDOMEN AND PELVIS FOR TRANSCATHETER AOR*	1
CT	CT ANGIOGRAM LOWER EXTREMITY RIGHT W WO CONTRAST	1
CT	CT CHEST SCREENING FOR LUNG CANCER	1
CT	CT ANGIO AORTA RUNOFF	1
CT	CT ANG CHEST, ABD, PEL WWO	1
CT	CT ABDOMEN/PELVIS WITHOUT CONTRAST	1
CT	CHEST/ABD-PEL 3PHASE IP	1
CT	CT ABDOMEN AND PELVIS RENAL STONE LOW DOSE	1
CT	CT GUIDED BIOPSY LUNG MEDIASTINUM	1
CT	CT HEAD	1
CT	CT ABDOMEN AND PELVIS	1
CT	CT ABDOMEN	1
CT	CHEST/PELVIS OP	1
CT	CHEST/ABD-PELVIS WITH IP	1
CT	CHEST/ABD-PEL IV ER	1
CT	CHEST WO ER	1
CT	CT FACE/SINUSES (BRAINLAB) W* CONTRAST	1
CT	CHEST W/O IP	1
CT	CT HEART WO IV CONTRAST CALCIUM SCORING	1
CT	CT Initial/Annual Lung Screening	1
CT	CHEST W/O	1
CT	CHEST W/ OP	1
CT	CT LEVEL 1-2 FACE WO ED TRAUMA	1
CT	CHEST VENOGRAM IP	1
CT	CT LOW-DOSE LUNG CANCER SCREEN	1
CT	CT ABDOMEN AND PELVIS W CONT	1
CT	CT ABDOMEN AND PELVIS WITHOUT CONTRAST	1
CT	CT CHEST WO IV CONTRAST POST PROCESSING	1
CT	CT CHST/ABD/PEL W/IV CONTRAST	1
CT	CT ABDOMEN/PELVIS WITH CONTRAST	1
CT	CT ABDOMEN WWO CONTRAST (KIDNEYS)	1
CT	CT CHEST W_ ABDOMEN PELVIS WWO	1
CT	CT CHEST, ABDOMEN & PELVIS  W/ 74177,71260,Q9967	1
CT	CT CHEST, ABDOMEN, PEL	1
CT	CT CHEST-ABD-PELV W/O CM	1
CT	CT ABDOMEN WWO CONTRAST	1
CT	CT CHEST/ABDOMEN/PELVIS W/CONTRAST	1
CT	CT CODE STROKE CTA	1
CT	CT ABDOMEN AND PELVIS WO  INFUSION - UROLOGY TX	1
CT	CT ABDOMEN WWO CHEST PELVIS W (KIDNEYS)	1
CT	CT ABDOMEN PELVIS WWO	1
CT	CT ABDOMEN PELVIS WO CONTRAST	1
CT	CT Cerebral Perfusion Analysis	1
CT	CT Chest W WO	1
CT	CT Chest W/ Contrast	1
CT	CT ABDOMEN PELVIS W CONTRAST (CIRRHOSIS)	1
CT	CT ENTEROGRAPHY DONE AT WAKE FOREST BAPTIST IMAGING	1
CT	Abdomen^DE_STONE_STUDY (Adult)	1
CT	Abdomen^DE_ROUTINE_AP_WITH_UNDER_50 (Adult)	1
CT	Abdomen^DE_CTA_AAA (Adult)	1
CT	Abdomen^CT_UROGRAM_STONE (Adult)	1
CT	Neck^NECK_WITH_Customized (Adult)	1
CT	OUT CTA CHEST WWO CONTRAST	1
CT	PE CHEST IP	1
CT	PE CHEST OP	1
CT	PE CHEST WITH	1
CT	PE CHEST(Adult)	1
CR	XR RIGHT KNEE 3 VIEWS	1
CT	PE/ABDPEL IV ER	1
CT	PE/ACUTE GI IP ECMO	1
CR	XR RIGHT ANKLE 3+ VIEWS	1
CT	Pelvis^PELVIS_WO_GR (Adult)	1
CT	Pelvis^PELVIS_W__GR (Adult)	1
CT	Pelvis^Pelvis (Adult)	1
CT	Pelvis^ROUTINE_PELVIS (Adult)	1
CT	SINUS(Adult)	1
CT	SPLIT DISSECTION GATED  CTA	1
CT	Specials^BX_PROCEDURE (Adult)	1
CT	Specials^Perfusion (Adult)	1
CT	Spine^CT_LUMBAR_SPINE_WO (Adult)	1
CT	Neck^DE_CT_NECK (Adult)	1
CR	XR RIGHT TIBIA FIBULA 2 VIEWS	1
CT	LUNG BX OP	1
CR	XR SPINE LUMBAR (AP+LAT+OBLIQUES)	1
CT	JOIEN CT CHEST W/O	1
CR	XR SPINE LUMBAR (LATERAL ONLY)	1
CT	JOINY CAP W/WO	1
CR	XR SPINE LUMBAR (LATERAL ONLY  FLEX/EX)	1
CT	JOINY CT C/A/P TRIPLE	1
CR	XR SPINE LUMBAR (AP+LAT, SUPINE+UPRIGHT)	1
CT	JOINY CT C/A/P WO	1
CT	JOINY CT CHES WITH	1
CR	XR SPINE CERVICAL (AP+LAT+OBLS+SWIM+ODONTOID)	1
CT	LOW DOSE LUNG CA SCRN 71271-CS	1
CT	JOINY CT CHEST PE	1
CT	JOINY CT CHEST PE STUDY	1
CT	JOINY CT CHEST W/O	1
CT	JOINY CT CHEST WITH	1
CR	XR SHOULDER RIGHT (COMPLETE: IR/ER/GRASHEY/Y/AXILLARY)	1
CR	XR SHOULDER LEFT (COMPLETE: IR/ER/GRASHEY/Y/AXILLARY)	1
CT	L-SPINE(Adult)	1
CR	XR SCAPULA RIGHT	1
CT	Spine^C_Spine_Tin_Filter (Adult)	1
CT	Spine^C_Spine_Tin_Filter_Customized (Adult)	1
CR	XR RIBS INCLUDING PA CHEST XR, BILATERAL	1
CT	Thorax^CTA_CHEST_ABD_PELVIS (Adult)	1
CT	Thorax^CHEST_BMI_30_TO_34 (Adult)	1
CT	Thorax^CHEST_LOW_DOSE_WO (Adult)	1
CT	Thorax^CHEST_W (Adult)	1
CT	Thorax^CHEST_WITHOUT_WITH (Adult)	1
CT	CT CHEST ABDOMEN AND PELVIS WO CONTRAST	1
CR	XR P PORT ABDOMEN COMPLETE DECUB &*	1
CR	XR P PORT ABD COMP SERIES W CHEST	1
CR	XR LEFT WRIST 3+ VIEWS	1
CR	XR LEFT KNEE 3 VIEWS	1
CT	Thorax^CHEST_ANGIO_PE_W (Adult)	1
CT	Thorax^CT_CAP_WITH_T_AND_L_SPINE_MPRS (Adult)	1
CT	Thorax^CT_CA_WO (Adult)	1
CT	Thorax^CT_CHEST_ANGIO_PE_W (Adult)	1
CR	XR IVP W TOMOGRAMS	1
CT	Thorax^CT_CHEST_WO (Adult)	1
CR	XR HUMERUS LEFT	1
CT	Thorax^CT_LUNG_CANCER_SCREENING_CHEST_WO (Adult)	1
CT	Thorax^DE_PE_ABD_PELVIS (Adult)	1
CT	Thorax^CHEST_AP_WITH (Adult)	1
CT	Thorax^CHEST_ABD_PELVIS_WWO (Adult)	1
CR	XR RIBS BILATERAL WITH PA CHEST 4+ VW	1
CT	Thorax^C2_CHEST_ENHANCED (Adult)	1
CT	TRIPPLR RULEOUT W OP	1
CT	TVAR IP	1
CR	XR RIBS BILATERAL	1
CR	XR PUI CHEST 1 VIEW	1
CT	Thorax^01_CHEST_W_HR (Adult)	1
CT	Thorax^01_LG_CHEST_lowdose_WO_screenin (Adult)	1
CT	Thorax^1CHEST_W_IRIS (Adult)	1
CR	XR PORT ABDOMEN COMPLETE DECUB & O*	1
CT	Thorax^C4A_FLASH_CTA_PE_ROUTINE (Adult)	1
CR	XR P PORT CHEST PA/LAT	1
CT	Thorax^C4_CTA_PE (Adult)	1
CT	Thorax^CAP_WITH (Adult)	1
CR	XR POR CHEST 1V	1
CR	XR PELVIS 1-2 VIEWS	1
CT	Thorax^CAP_WO_W_IRIS (Adult)	1
CT	Thorax^CAP_W_IRIS (Adult)	1
CT	Thorax^CH2_CHEST_WITH (Adult)	1
CT	Thorax^CHEST_ABD_PELVIS (Adult)	1
CT	JOIEN CT CHEST - PE	1
CR	XR SPINE THORACIC (3 VIEWS - AP+LAT BENDING)	1
CR	XR SPINE THORACIC (3 VIEWS)	1
CT	JCCI CT CHEST WO	1
CT	JCCI CT CAP ENHANCED	1
CT	JCCI CT CAP WITHOUT	1
CT	JCCI CT CHEST AND PELVIS ENHANCED	1
CT	Abdomen^CTA_ABD_PEL_RUNOFF_UNDER_250LB_Customized (Adult)	1
CT	JCCI CT CHEST FOR PE	1
CT	JCCI CT CHEST LUNG SCREENING	1
CT	JCCI CT CHEST W/O	1
CT	JCCI CT CHEST WITH	1
CT	JCCI CT CHEST/PEL	1
CT	JCCI CT C/P	1
CT	Abdomen^ABD_WITHXXL_GR (Adult)	1
CT	JCCI CT CHEST/UROGRAM	1
CT	JCCI CT CHESTW	1
CT	JCCI CT LOW DOSE CHEST	1
CT	JCCI CT LUNG CANCER SCREENING	1
CT	Abdomen^ABDOMEN_PELVIS_W_WO (Adult)	1
CT	JCCI CT PE CHEST	1
CT	JCCI CT TRIPLE CAP	1
CT	Abdomen^CTA_RUNOFF (Adult)	1
CT	Abdomen^CT_ABDOMEN_WITH (Adult)	1
CT	JHN 3PHASE W/W/O	1
CT	Abdomen^CT_AP_GI_BLEED_ISCHEMIC_BOWEL_WWO (Adult)	1
CT	Abdomen^CT_MARKS_CAILLAT_AP_RENAL (Adult)	1
CT	Head^TEMPORAL_BONE (Adult)	1
CT	Head^TEMPORAL_BONES (Adult)	1
CT	Head^TEMP_BONES_GR (Adult)	1
CT	Abdomen^CT_AP_WITH_L_SPINE_MPRS (Adult)	1
CT	IR CHEST TUBE PLACEMENT (ORERABLE BY	1
CT	IR CHEST TUBE PLACEMENT (ORERABLE BY IR SERVICE ONLY)	1
CT	JCCI CAP ENHANCED	1
CT	JCCI CHEST	1
CT	JCCI CT C/A	1
CT	JCCI CHEST COMB	1
CT	JCCI CHEST WITH	1
CT	JCCI CHEST WITH PE	1
CT	JCCI CHEST WITHOUT	1
CT	JCCI CHEST WO	1
CT	JCCI CHEST/PEL	1
CT	JCCI CT ABD WITHOUT	1
CT	JCCI CT ABD/PEL	1
CT	JCCI CTA CHEST	1
CT	JHN A/P IP	1
CT	JOIEN CT ABD/PEL	1
CT	JHN OP CHEST W/O	1
CT	ABD_PELVIS 61_100LB(Child)	1
CT	JHN CTA CHEST WITH ONLY IP	1
CT	JHN IP CAP W	1
CT	JHN IP CHEST WO	1
CT	JHN IP PE W/	1
CT	JHN OP CAP COMBO	1
CT	JHN OP CAP W/ PO IV	1
CT	JHN OP CAP WPOIV	1
CT	JHN OP CTA CHEST W/W/O	1
CT	JHN CHEST WO IP	1
CT	JHN PE CHEST IP	1
CR,DX	DX Chest (2 Views)	1
CT	JOIBV CT CHEST	1
CT	JOIBV CT CHEST PE	1
CR	XR WRIST RIGHT (ROUTINE: AP,LAT,OBL)	1
CR	XR THUMB RIGHT	1
CT	JOICC CT CHEST W/O	1
CT	JOIEN C/P	1
CT	JHN CST/PEL W/	1
CT	JHN CHEST WITH OP	1
CT	JHN CAP 3D PANC AP OP	1
CT	JHN CAP W/ IP	1
CT	JHN CAP 3PHASE OP	1
CT	JHN CAP COMBO IP	1
CT	JHN CAP COMBO IV	1
CT	JHN CAP IP	1
CT	Abdomen^ABDOMEN_PELVIS_WO_WITH (Adult)	1
CT	Abdomen^ABDOMEN_PELVIS_WO (Adult)	1
CT	JHN CAP W OP	1
CT	JHN CAP W POIV IP	1
CT	JHN CAP W/ OP	1
CT	Abdomen^10_STONE_STUDY (Adult)	1
CT	JHN CAP W/O	1
CT	Abdomen^9_UROGRAM_UNDER_35 (Adult)	1
CT	JHN CAP WITH IP	1
CT	JHN CAP WO OP	1
CT	JHN CHEST IP	1
CT	Abdomen^13_TRAUMA_CAP (Adult)	1
CT	JHN CHEST OP IV	1
CT	JHN CHEST W OP	1
XA	LD DSA ABD	1
