StudyDescription,Modality,frequency,Contributor
BRAIN W/O CONTRAST (CT)-CS,CT,2029.0,Gen3
DX CHEST PORTABLE 1 VIEW,DX,1431.0,Gen3
DX CHEST 1 VIEW,CR,1046.0,Gen3
DX CHEST PORTABLE 1 VIEW,CR,890.0,Gen3
XR CHEST 2 VIEWS PA + LAT STND PROTOCOL,DX,796.0,Gen3
CT CHEST ANGIOGRAM AND PULMONARY ARTERIES WITH IV CONTRAST,CT,739.0,Gen3
XR CHEST LINE PLACEMENT PORTABLE,DX,610.0,Gen3
XR CHEST 2 VIEWS,"CR,DX",480.0,Gen3
DX CHEST A-P/PA (SINGLE VIEW),DX,209.0,Gen3
XR CHEST 1V FRONTAL PORT,CR,135.0,Gen3
BRAIN W/O STROKE PROTOCOL-CS,CT,134.0,Gen3
XR PORTABLE CHEST 1 VIEW,CR,132.0,Gen3
DX CHEST 1 VIEW,DX,123.0,Gen3
DX CHEST A-P/PA (SINGLE VIEW),CR,121.0,Gen3
CHEST 1 VIEW PA/AP PORTABLE,CR,106.0,Gen3
XR CHEST 2 VIEWS FRONTAL & LATERAL,DX,104.0,Gen3
01_PM_THORAX_PLAIN(ADULT),CT,98.0,Gen3
XR CHEST 2 VIEWS PA + LAT STND PROTOCOL,CR,93.0,Gen3
CHEST 1 VIEW ICU,DX,89.0,Gen3
DX CHEST AP OR PA AND LATERAL 2 VIEWS,DX,80.0,Gen3
CT CHEST WITH IV CONTRAST,CT,71.0,Gen3
CT ANGIO CHEST PULM EMBOLISM,CT,71.0,Gen3
XR CHEST 1 VIEW POSTEROANTERIOR,DX,69.0,Gen3
PR CHEST 1 VIEW,CR,65.0,Gen3
0,CR,59.0,Gen3
XR P PORT ABDOMEN AP 1 VIEW,CR,56.0,Gen3
XR CHEST 1 VIEW NOT PORTABLE,DX,53.0,Gen3
THORAX^GH_THORAXROUTINE (ADULT),CT,53.0,Gen3
CHEST 2 VIEWS (ROUTINE),CR,49.0,Gen3
DX CHEST AP OR PA AND LATERAL 2 VIEWS,CR,45.0,Gen3
CT CHEST W IV CONTRAST,CT,44.0,Gen3
XR CHEST PICC 1 VIEW,CR,40.0,Gen3
VASCULAR^CTA_HEAD_NECK (ADULT),CT,40.0,Gen3
CT THORAX W/ CONTRAST,CT,39.0,Gen3
CT CHEST W/O IV CON,CT,38.0,Gen3
XR CHEST MORNING ROUTINE PORTABLE PUMP,DX,38.0,Gen3
CTA CHEST PULMONARY EMBOLISM,CT,37.0,Gen3
XR P PORT CHEST 1V LINE PLCMNT-NO CHARGE,CR,34.0,Gen3
XR CHEST PORTABLE 2 VIEWS - PEDS ONLY,DX,33.0,Gen3
CT ANGIO PULMONARY,CT,33.0,Gen3
HEAD^HEAD_ROUTINE (ADULT),CT,32.0,Gen3
XR CHEST PORTABLE 1 VIEW - PEDS ONLY,DX,30.0,Gen3
XR CHEST LINE PLACEMENT PORTABLE PED,DX,29.0,Gen3
RM CHEST 1 VIEW PORTABLE,DX,28.0,Gen3
CHEST 1 VIEW (INCLUDING PORTABLE),CR,27.0,Gen3
XR CHEST PA LATERAL W BOTH OBLIQUE PROJECTIONS,DX,27.0,Gen3
CT ABDOMEN/PELVIS W IV CONTRAST,CT,26.0,Gen3
DX CHEST SINGLE VIEW,CR,26.0,Gen3
XR PORTABLE CHEST 1 VIEW,CR,25.0,Gen3
CTA CHEST PULMONARY EMBOLUS W/IVCON,CT,24.0,Gen3
DX CHEST PORTABLE POST-PICC PLACEMENT 1 VIEW,DX,24.0,Gen3
CT CHEST,CT,23.0,Gen3
HEAD^HEAD_WO_GR (ADULT),CT,23.0,Gen3
CT CHEST PE WITH CONTRAST,CT,23.0,Gen3
XR CHEST SINGLE VW,CR,22.0,Gen3
XR AP CHEST PORTABLE,DX,21.0,Gen3
XR CHEST FOR FEEDING TUBE PLACEMENT 1V,CR,20.0,Gen3
DG CHEST 1V PORT,CR,20.0,Gen3
XR CHEST PICC 1 VIEW,DX,20.0,Gen3
CT PULMONARY W/CONTRAST,CT,20.0,Gen3
ABDOMEN 1 VIEW,DX,19.0,Gen3
CT CHEST PULMONARY ANGIOGRAM (ACUTE),CT,19.0,Gen3
HEAD^HEAD_WO (ADULT),CT,19.0,Gen3
CTA CHEST FOR PE,CT,19.0,Gen3
HEAD^DE_CTA_HEAD_NECK (ADULT),CT,19.0,Gen3
CHEST PA & LATERAL (RAD)-CS,CRDX,18.0,Gen3
<NONE>,DX,18.0,Gen3
CT CT-THORAX FOR PULMONARY EMBOLISM W/CONT,CT,18.0,Gen3
CT CHEST LOW DOSE SCREENING,CT,18.0,Gen3
CTA CHEST W CONTRAST,CT,18.0,Gen3
HEAD^PERFUSION (ADULT),CT,17.0,Gen3
XR CHEST 1V FRONTAL,CR,17.0,Gen3
THORAX^CHEST_ABD_PELVIS_WO (ADULT),CT,17.0,Gen3
XR CHEST SINGLE VIEW PORTABLE,CR,16.0,Gen3
DX CHEST PORTABLE WITH AM ROUNDS 1 VIEW,DX,16.0,Gen3
CT ANGIOGRAM PULMONARY W CONTRAST,CT,16.0,Gen3
HEAD^CTA_HEAD_NECK (ADULT),CT,15.0,Gen3
CT CARD CORONARY CALCM SCRE WO CON,CT,15.0,Gen3
HEAD^CODE_STROKE (ADULT),CT,15.0,Gen3
XR CHEST SINGLE VW,DX,15.0,Gen3
DX CXR 1 VIEW-POST PROCEDURE,DX,15.0,Gen3
CT PE PROTOCOL,CT,14.0,Gen3
XR CHEST PORTABLE [CH],CR,14.0,Gen3
"CHEST,SINGLE VIEW",CR,14.0,Gen3
ABDOMEN 1 VIEW,CR,13.0,Gen3
CT CHEST ANGIOGRAM WITH IV CONTRAST,CT,13.0,Gen3
DX CHEST SINGLE VIEW,DX,13.0,Gen3
CT ANGIO CHEST FOR PE,CT,13.0,Gen3
HEAD^CODE_STROKE_CUSTOMIZED (ADULT),CT,13.0,Gen3
JOINY CT CHEST WO,CT,13.0,Gen3
XR CHEST 1V LINE PLCMNT - INITIAL ONLY,CR,12.0,Gen3
CHEST PA & LATERAL (RAD)-CS,"CR,DX",12.0,Gen3
XR RIBS LEFT WITH PA CHEST 3+ VW,CR,12.0,Gen3
CHEST WO CONTRAST CT,CT,12.0,Gen3
CT CHEST W/O CONTRAST,CT,12.0,Gen3
JCCI CT C/A/P,CT,12.0,Gen3
CT CHEST W IV CON,CT,12.0,Gen3
CHEST PA AND LAT,DX,11.0,Gen3
JOIEN CT CHEST,CT,11.0,Gen3
THORAX^C_A_P_WO_GR (ADULT),CT,11.0,Gen3
THORAX^CAP_WITH_CUSTOMIZED (ADULT),CT,11.0,Gen3
CT HEAD W/O CM,CT,11.0,Gen3
CT CHEST PE PROTOCOL,CT,11.0,Gen3
CT THORAX W/O CONTRAST,CT,11.0,Gen3
PELVIS 1 OR 2 VIEWS,DX,10.0,Gen3
ACUTE ABDOMINAL SERIES,CR,10.0,Gen3
CT CHEST WWO CONTRAST,CT,10.0,Gen3
THORAX^FLASH_PE_CUSTOMIZED (ADULT),CT,10.0,Gen3
CT ABDOMEN PELVIS W CONTRAST,CT,10.0,Gen3
RIBS R,CR,10.0,Gen3
CT CHEST ANGIO W OR W AND WO IV CONTRAST,CT,10.0,Gen3
XR CHEST 1 VW [CH],CR,9.0,Gen3
CT ABD PELVIS WITH CONTRAST-CS,CT,9.0,Gen3
ABDOMEN^UROGRAM_GR (ADULT),CT,9.0,Gen3
XR RIBS BILATERAL WITH CHEST - 1 VIEW,CR,9.0,Gen3
CHEST PE IP,CT,9.0,Gen3
CAP IV IP,CT,9.0,Gen3
CT CHEST WO IVCON,CT,9.0,Gen3
ABDOMEN^4_BOWEL_ISCHEMIA (ADULT),CT,9.0,Gen3
LUMBAR SACRAL SPINE 2/3 VIEWS,CR,9.0,Gen3
CT CHEST W O CONTRAST,CT,9.0,Gen3
XR PORT CHEST 1V,"CR,DX",9.0,Gen3
THORAX^NEWHIRES_WO_GR_2019 (ADULT),CT,9.0,Gen3
CT CHEST ABDOMEN PELVIS W CONTRAST (PANCREAS),CT,9.0,Gen3
CT CHEST W IVCON PE,CT,9.0,Gen3
XR CHEST AP 1V,CR,9.0,Gen3
CT PULMONARY W/CONTRAS,CT,9.0,Gen3
<NONE>,CR,9.0,Gen3
VASCULAR^THORACIC_DISSECTION_CTA (ADULT),CT,9.0,Gen3
JHN CHEST WO OP,CT,9.0,Gen3
ABDOMEN^12_CTA_CAP (ADULT),CT,9.0,Gen3
CT THORAX W/O CONTRAST,CT,9.0,Gen3
CT ABDOMEN PELVIS W CONTRAST(PANCREAS),CT,8.0,Gen3
CT CHEST ABDOMEN WO CONTRAST (ROUTINE),CT,8.0,Gen3
CT ANGIOGRAPHY HEAD,CT,8.0,Gen3
UROGRAM OVER 35(ADULT),CT,8.0,Gen3
JCCI CT CAP COMB,CT,8.0,Gen3
CT ABDOMEN W CONTRAST (ROUTINE),CT,8.0,Gen3
DX CXR 1 VIEW-POST PROCEDURE,CR,8.0,Gen3
CR DIAG-CHEST PA OR AP,CR,8.0,Gen3
ABDOMEN^ABDOMEN_PELVIS_WO_ROUTINE (ADULT),CT,8.0,Gen3
XR ABDOMEN COMPLETE W UPRIGHT CHEST,CR,8.0,Gen3
CTA CHEST WAND WITHOUT C AND RECONS,CT,8.0,Gen3
ABDOMEN ACUTE SERIES,CR,8.0,Gen3
CHEST IV IP,CT,8.0,Gen3
ABDOMEN 1 VW(PORTABLE) - FEEDING (NG/PEG) TUBE CHK WO INJ BY RAD,DX,8.0,Gen3
CT THORAX WITHOUT CONTRAST,CT,8.0,Gen3
CT CHEST LUNG CANCER S,CT,8.0,Gen3
CT CHEST/ABD/PELV W CONTRAST,CT,8.0,Gen3
ABDOMEN^ROUTINE_AP_WITH_OVER_50_OVER_250_CUSTOMIZED (ADULT),CT,8.0,Gen3
XR CHEST 4+ VW,DX,8.0,Gen3
THORAX^CHEST_WITH_CUSTOMIZED (ADULT),CT,8.0,Gen3
CT CAP WO CONTRAST,CT,8.0,Gen3
CT TRAUMA T-SPINE RECONSTRUCT (RAD ONLY),CT,8.0,Gen3
CT THORAX WO CONTRAST,CT,8.0,Gen3
CT FACE SINUSES W CONTRAST,CT,8.0,Gen3
CARDIAC^LAMODELTEST (ADULT),CT,7.0,Gen3
FOOT RIGHT COMPLETE MIN 3 VIEWS,CR,7.0,Gen3
CT NECK/THYROID W CONTRAST,CT,7.0,Gen3
HEAD^DE_CTA_HEAD_NECK_CUSTOMIZED (ADULT),CT,7.0,Gen3
HEAD^BRAIN_LAB_HEAD (ADULT),CT,7.0,Gen3
XR CHEST 4+ VW,CR,7.0,Gen3
CT PELVIS WO CONTRAST (ROUTINE),CT,7.0,Gen3
BILATERAL RIBS,CR,7.0,Gen3
XRAY CHEST FRONTAL AND LATERAL VIEWS,DX,7.0,Gen3
CHEST 1V FOR PLACEMENT DX NO,CR,7.0,Gen3
THORAX^CTA_CHEST_ABDOMEN (ADULT),CT,7.0,Gen3
XR CHEST PA LATERAL W BOTH OBLIQUE PROJECTIONS,CR,7.0,Gen3
XR CHEST AP PA LATERAL AND APICAL LORDOTIC 3 VW,CR,7.0,Gen3
HEAD^CODE_STROKE_CTA_WITH_PERFUSION_WS (ADULT),CT,7.0,Gen3
THORAX^ROUTINE_CHEST_HR (ADULT),CT,7.0,Gen3
MR SPINE CERVICAL WO CONTRAST,MR,7.0,Gen3
CHEST PA/LT,CR,7.0,Gen3
JCCI CT LUNG SCREENING,CT,7.0,Gen3
"XR RIBS, BILATERAL",DX,7.0,Gen3
"XR RIBS, RIGHT",DX,7.0,Gen3
ABDOMEN PELVIS WO(ADULT),CT,7.0,Gen3
CT ABDOMEN/PELVIS WO IV CONTRAST,CT,7.0,Gen3
CT CHEST WO IV CONTRAST LUNG PARENCHYMA,CT,7.0,Gen3
CHEST 1 VIEW PA OR AP,DX,7.0,Gen3
JHN CAP W IP,CT,7.0,Gen3
CT CHEST W/ IV CONTRAST,CT,7.0,Gen3
ABDOMEN^ROUTINE_AP_WITH_UNDER_50_OVER_250_CUSTOMIZED (ADULT),CT,6.0,Gen3
C-SPINE^GREENSBORO,MR,6.0,Gen3
ABDOMEN^HEMATURIA_GR_OVER45 (ADULT),CT,6.0,Gen3
THORAX^HI_RES (ADULT),CT,6.0,Gen3
THORAX^LUNG_CANCER_SCREENING_CHEST_WO (ADULT),CT,6.0,Gen3
XR CHEST 2V FRONTAL/LAT,CR,6.0,Gen3
THORAX^PEDS__CAP_WITH (CHILD),CT,6.0,Gen3
CT STONE STUDY(ADULT),CT,6.0,Gen3
NECK^DE_CTA_NECK (ADULT),CT,6.0,Gen3
"XR CHEST 2 VIEW (PA,LAT)",CR,6.0,Gen3
XR CHEST 1 VIEW POSTEROANTERIOR,CR,6.0,Gen3
XR AP CHEST PORTABLE,CR,6.0,Gen3
CHEST IP,CT,6.0,Gen3
FOOT LEFT COMPLETE MIN 3 VIEWS,DX,6.0,Gen3
CHEST PA+LAT,DX,6.0,Gen3
CT PELVIS W CONTRAST (ROUTINE),CT,6.0,Gen3
TAVR OP,CT,6.0,Gen3
CT PELVIS WO CONTRAST (CYSTOGRAM),CT,6.0,Gen3
CHEST OP,CT,6.0,Gen3
ABDOMEN^UROGRAM_STONE_GR (ADULT),CT,6.0,Gen3
CT CHEST ANGIOGRAPHY W IV CONTRAST PULMONARY EMBOLISM,CT,6.0,Gen3
CT ANGIOGRAPHY CHEST,CT,6.0,Gen3
XRAY CHEST FRONTAL VIEW,DX,6.0,Gen3
VASCULAR^CH03C_FLASH_CHST_W_PE (ADULT),CT,6.0,Gen3
XR CHEST AP/PA ONLY 1 VIEW,CR,6.0,Gen3
PELVIS 1 OR 2 VIEWS,CR,6.0,Gen3
CT HEAD WO(ADULT),CT,6.0,Gen3
CHEST PULMONARY EMBOLISM CTA,CT,6.0,Gen3
JHN CHEST OP,CT,6.0,Gen3
ABDOMEN^DE_ROUTINE_AP_WITH_OVER_50 (ADULT),CT,6.0,Gen3
VASCULAR^CTA_HEAD (ADULT),CT,6.0,Gen3
CT P CHEST W,CT,6.0,Gen3
"XR CHEST 2 VIEW (PA,LAT)",DX,6.0,Gen3
CT CARD W/CON PULMNARY VEIN,CT,6.0,Gen3
XRAY CHEST PORTABLE,CR,6.0,Gen3
THORAX^XL_CHEST_WO_CUSTOMIZED (ADULT),CT,6.0,Gen3
CTA CHEST W/O & W IV CON,CT,6.0,Gen3
JCCI CT CHEST ENHANCED,CT,6.0,Gen3
HEAD^MAXILLOFACIAL1 (ADULT),CT,6.0,Gen3
CAP COMBO IP,CT,6.0,Gen3
CT ANGIOGRAM CHEST PULMONARY EMBOLISM W CONTRAST,CT,6.0,Gen3
HEAD^FACE_WITHOUT_CUSTOMIZED (ADULT),CT,6.0,Gen3
CT LUNG SCREEN WO CONTRAST,CT,6.0,Gen3
HEAD^FACE_WITHOUT (ADULT),CT,6.0,Gen3
THORAX^XL_CAP_WO (ADULT),CT,5.0,Gen3
SPINE^C-SPINE,MR,5.0,Gen3
XR CHEST PA/LATERAL,"CR,DX",5.0,Gen3
ABDOMEN^12_CTA_AAA (ADULT),CT,5.0,Gen3
JOIEN CT C/A/P,CT,5.0,Gen3
THORAX^LOW_DOSE_CHEST_UNDER_30_BMI (ADULT),CT,5.0,Gen3
XR CHEST INSPIRATION EXPIRATION,DX,5.0,Gen3
THORAX^FLASH_CTA_CHEST (ADULT),CT,5.0,Gen3
"THORAX PE, LOW DOSE",CT,5.0,Gen3
CHEST - 2 VIEWS,CR,5.0,Gen3
CH-CHEST 1V CR,CR,5.0,Gen3
VASCULAR^CT_PE (ADULT),CT,5.0,Gen3
JOINY CT CHEST LUNG SCREEN,CT,5.0,Gen3
ABDOMEN PELVIS WITH(ADULT),CT,5.0,Gen3
HAND RIGHT 3 VIEWS MIN,CR,5.0,Gen3
CHEST PA,CR,5.0,Gen3
XR CHEST PA LAT 2V,DX,5.0,Gen3
LCMC CT CHEST PE PROTOCOL,CT,5.0,Gen3
ABDOMEN^ABD_PELVIS_WITH (ADULT),CT,5.0,Gen3
CTA ABDOMEN PELVIS WWO CONTRAST (AORTA),CT,5.0,Gen3
HEAD^DE_CTA_NECK_CUSTOMIZED (ADULT),CT,5.0,Gen3
CTA CHEST FOR PULMONARY EMBOLUS WITH CONTRAST,CT,5.0,Gen3
FOOT LEFT COMPLETE MIN 3 VIEWS,CR,5.0,Gen3
CTA TRAUMA THORACIC AORTA W/O & W/ IV CONTRAST,CT,5.0,Gen3
XR CHEST PA AND LATERAL 2 VIEWS,DX,5.0,Gen3
CHEST 2 VIEWS FRONTAL AND LAT,CR,5.0,Gen3
CAP IP,CT,5.0,Gen3
CHEST,CT,5.0,Gen3
THORAX^PEDS__CHEST_WITHOUT (CHILD),CT,5.0,Gen3
DX CHEST (2 VIEWS),CR,5.0,Gen3
BRAIN W/WO CONTRAST (CT)-CS,CT,5.0,Gen3
CT CHEST W IVCON,CT,5.0,Gen3
HEAD^HEAD_ROUTINE (ADULT),CT,5.0,Gen3
CT ANGIOGRAM FOR PULMONARY EMBOLISM [CH],CT,5.0,Gen3
CT ANGIOGRAM HEART CORONARY ARTERIES WITH CONTRAST,CT,5.0,Gen3
ACUTE ABDOMINAL SERIES,DX,5.0,Gen3
CT P CHEST WO,CT,5.0,Gen3
HIP COMPLETE LEFT MIN 2 VWS,DX,5.0,Gen3
KNEE 3 VIEWS RIGHT,DX,5.0,Gen3
CT ABDOMEN PELVIS WO C,CT,5.0,Gen3
XR CHEST 2 VIEWS FRONTAL & LATERAL,CR,5.0,Gen3
CT ABD-PELV W/ CM,CT,5.0,Gen3
CT CHEST ABDOMEN PELVIS W IV CON,CT,5.0,Gen3
"XR RIBS INCLUDING PA CHEST XR, LEFT",DX,5.0,Gen3
CT CT PULMONARY ANGIOGRAPHY,CT,5.0,Gen3
"CT CHEST W, ABDOMEN PELVIS WWO",CT,5.0,Gen3
CALCIUM SCORING(ADULT),CT,5.0,Gen3
CHEST WO OP,CT,5.0,Gen3
UNSPECIFIED DX PORT CHEST,DX,5.0,Gen3
LCMC XR CHEST AP PA LATERAL 2 VW,CR,5.0,Gen3
CT HEAD W CONTRAST,CT,5.0,Gen3
CT HEAD (BRAINLAB) WO CONTRAST PRE-OP,CT,5.0,Gen3
CT ER CHEST W IV CONTRAST,CT,5.0,Gen3
PORT - CXR,DX,5.0,Gen3
CT CT-CHEST W/O CONTRAST,CT,5.0,Gen3
RM CHEST PA AND LEFT LATERAL ONLY,DX,5.0,Gen3
"XR RIBS INCLUDING PA CHEST XR, RIGHT",DX,5.0,Gen3
JOINY CT C/A/P COMBO,CT,4.0,Gen3
THORAX^XL_CTA_CHEST (ADULT),CT,4.0,Gen3
SHOULDER 3 VIEWS LEFT,CR,4.0,Gen3
SOFT TISSUE NECK,CR,4.0,Gen3
CXR,DX,4.0,Gen3
CT THORAX W CONTRAST,CT,4.0,Gen3
CHEST 2 VIEWS FRONTAL AND LAT,DX,4.0,Gen3
CT ABDOMEN/PELVIS ANGIO W OR W AND WO IV CONTRAST,CT,4.0,Gen3
JOINY CT C/A/P WITH,CT,4.0,Gen3
THORAX^TRAUMA_CHEST_ABD_PEL_WITH (ADULT),CT,4.0,Gen3
XR CHEST 1 VIEW (AP OR PA),CR,4.0,Gen3
JHN CAP W/WO IP,CT,4.0,Gen3
VASCULAR^DISSECTION_CAP_CTA (ADULT),CT,4.0,Gen3
POST IR CHEST XRAY-CS,CR,4.0,Gen3
CTA CHEST,CT,4.0,Gen3
JHN CHEST W/ OP,CT,4.0,Gen3
XR KUB 1V PORTABLE,CR,4.0,Gen3
CHEST AP AM SERVICE ICU,DX,4.0,Gen3
XRAY CHEST 1 VIEW,CR,4.0,Gen3
CT ABDOMEN W AND WO IV CONTRAST,CT,4.0,Gen3
ABDOMEN^CTA_ILLIOFEMORAL_RUN_OFF (ADULT),CT,4.0,Gen3
UNSPECIFIED CT CHEST,CT,4.0,Gen3
XR KNEE LT 3 VIEWS,DX,4.0,Gen3
XR RIBS RIGHT - 2 VIEWS,CR,4.0,Gen3
CHEST WO IP,CT,4.0,Gen3
XR ABDOMEN 1 VW,DX,4.0,Gen3
PORTABLE CHEST - 1 VIEW,CR,4.0,Gen3
CHEST W/WO CONTRAST (CT)-CS,CT,4.0,Gen3
"XR CHEST DECUBITUS VIEWS, LEFT",DX,4.0,Gen3
CT ABDOMEN AND PELVIS,CT,4.0,Gen3
THORAX^CT_CA_WITH (ADULT),CT,4.0,Gen3
<NONE>,MR,4.0,Gen3
PORT - CXR,CR,4.0,Gen3
CTA CHEST ABDOMEN PELVIS ANGIO,CT,4.0,Gen3
XR RIGHT KNEE 3 VIEWS,DX,4.0,Gen3
HEAD^CT_MAXILLOFACIAL_WITH (ADULT),CT,4.0,Gen3
CT CHEST ABDOMEN AND PELVIS WO CONTRAST,CT,4.0,Gen3
CT THORAX W/ CONTRAST,CT,4.0,Gen3
XR CHEST 2 VIEWS WITH OBLIQUES,CR,4.0,Gen3
ABDOMEN 1 VIEW KUB,CR,4.0,Gen3
THORAX^LOW_DOSE_NODULE_FU_WO_CM (ADULT),CT,4.0,Gen3
THORAX^LOW_DOSE_LUNG_OVER_30_BMI (ADULT),CT,4.0,Gen3
THORAX^CTA_CHEST_THORACIC_DISSECTION (ADULT),CT,4.0,Gen3
THORAX^PEDS__CHEST_WITH (CHILD),CT,4.0,Gen3
XR CHEST SINGLE VIEW - LINE PLACEMENT,CR,4.0,Gen3
CHEST 1 VIEW PA/AP,CR,4.0,Gen3
CT CHEST ABDOMEN PELVIS W/O IV CON,CT,4.0,Gen3
THORAX^LOW_DOSE_CHEST_OVER_30_BMI (ADULT),CT,4.0,Gen3
CT ANGIOGRAM HEAD NECK W CONTRAST,CT,4.0,Gen3
ABDOMEN 1 VW(PORTABLE) - FEEDING (NG/PEG) TUBE CHK WO INJ BY RAD,CR,4.0,Gen3
XR EG TUBE PLACEMENT,CR,4.0,Gen3
"XR RIBS, LEFT",DX,4.0,Gen3
THORAX^CHEST_WITHOUT_WITH_HI_RES_CUTS (ADULT),CT,4.0,Gen3
L-SPINE^ROUTINE,MR,4.0,Gen3
CT CARDIAC CHEST W/ (ROBOTIC & CORONARY),CT,4.0,Gen3
HEAD^MAXILLOFACIAL (ADULT),CT,4.0,Gen3
CT HEAD (BRAINLAB) W CONTRAST PRE-OP,CT,4.0,Gen3
VASCULAR^PULMONARY_VEIN_STUDY (ADULT),CT,4.0,Gen3
CT CHEST W/ CONTRAST,CT,4.0,Gen3
VASCULAR^THORACIC_ANEURYSM_CTA (ADULT),CT,4.0,Gen3
XR CHEST 1 VIEW NOT PORTABLE,CR,4.0,Gen3
CT CARD W/CON CORONARY ARTRY/VEIN CTA,CT,4.0,Gen3
CT ABDOMEN AND PELVIS W/ CONTRAST,CT,4.0,Gen3
XR CHEST PA LAT 2V,CR,4.0,Gen3
THORAX^CAP_WITHOUT_CUSTOMIZED (ADULT),CT,4.0,Gen3
XR LEFT KNEE 3 VIEWS,DX,3.0,Gen3
XR PUI CHEST 1 VIEW,CR,3.0,Gen3
"CT CHEST, ABDOMEN & PELVIS W CONTRAST",CT,3.0,Gen3
CR XR PORTABLE FEEDING TUBE X-RAY,CR,3.0,Gen3
"XR CHEST DECUBITUS VIEWS, RIGHT",DX,3.0,Gen3
CT CHEST ABDOMEN AND PELVIS W CONTRAST,CT,3.0,Gen3
DG RIBS BILAT 3V,DX,3.0,Gen3
ABDOMEN^GH_ABDOMENPLAIN (ADULT),CT,3.0,Gen3
LUMBAR SACRAL SPINE 2 OR 3 VIEWS (ROUTINE),CR,3.0,Gen3
ABDOMEN^ENTEROGRAPHY_GR (ADULT),CT,3.0,Gen3
THORAX^HI_RESOLUTION_CHEST (ADULT),CT,3.0,Gen3
CT CHEST/ABD/PELVIS W/CONTRAST,CT,3.0,Gen3
CARDIAC^TAVR_BOLUSTRACKADULT (ADULT),CT,3.0,Gen3
CAP_WO(ADULT),CT,3.0,Gen3
CTA CHEST WITH CONTRAS,CT,3.0,Gen3
CTA CHEST WITH CONTRAST - PE PROTOCOL,CT,3.0,Gen3
CTA CHEST W EMBOLUS,CT,3.0,Gen3
XR ABDOMEN COMPLETE W CHEST,DX,3.0,Gen3
CT CHEST-ABD-PELV W/ CM,CT,3.0,Gen3
CHEST 2 VIEWS DX,DX,3.0,Gen3
ABDOMEN^ROUTINE_AP_WO (ADULT),CT,3.0,Gen3
CHEST PORT LINE PLACEMENT,CR,3.0,Gen3
ABDOMEN^6_DUAL_PHASE (ADULT),CT,3.0,Gen3
DE ABDOMEN PELVIS(ADULT),CT,3.0,Gen3
HIP COMPLETE RIGHT MIN 2 VWS,DX,3.0,Gen3
ABDOMEN SERIES-NO CHEST-CS,CR,3.0,Gen3
CHEST 1 VIEW PA OR AP,CR,3.0,Gen3
"THORAX, CONT",CT,3.0,Gen3
DUAL ABDOMEN(ADULT),CT,3.0,Gen3
ABDOMEN^ROUTINE_AP_WITH_UNDER_50_OVER_250 (ADULT),CT,3.0,Gen3
KIDNEY PROTOCOL(ADULT),CT,3.0,Gen3
CT ABDOMEN PELVIS W CONTRAST (ENTEROGRAPHY),CT,3.0,Gen3
CHEST PA AND LAT,CR,3.0,Gen3
KNEE 3 VIEWS RIGHT,CR,3.0,Gen3
PE IP,CT,3.0,Gen3
THORAX^CTA_CHEST_ADULT_CUSTOMIZED (ADULT),CT,3.0,Gen3
THORAX^CT_CHEST_LOW_DOSE_NODULE_WO (ADULT),CT,3.0,Gen3
THORAX^CTA_CAP_CUSTOMIZED (ADULT),CT,3.0,Gen3
DCUABDNGPL,DX,3.0,Gen3
XR CHEST LATERAL ONLY,DX,3.0,Gen3
"XR FOOT RIGHT (ROUTINE: AP,LAT,OBL)",CR,3.0,Gen3
LUNG PERFU SION IMAGING,NM,3.0,Gen3
ABDOMEN^AB20_LOWER_GIB (ADULT),CT,3.0,Gen3
CT ABDOMEN WO CONTRAST (ROUTINE),CT,3.0,Gen3
CT ABDOMEN W IV CONTRAST,CT,3.0,Gen3
CT ABDOMEN W CONTRAST (CIRRHOSIS),CT,3.0,Gen3
ABDOMEN^10_LOW_DOSE_STONE_STUDY (ADULT),CT,3.0,Gen3
THORAX^FLASH_CHEST_WITH (ADULT),CT,3.0,Gen3
CT ABD/PELVIS W/ IV + ORAL CONTRAST,CT,3.0,Gen3
XR CHEST 1V.,CR,3.0,Gen3
XR LUMBAR SPINE 4+ VIEWS,DX,3.0,Gen3
CARDIAC^CORONARY_PROSPECTIVE_MORE_PAD (ADULT),CT,3.0,Gen3
CHEST/ABD-PEL IV IP,CT,3.0,Gen3
CTA CHEST AND CT ABDOMEN AND PELVIS W CONT,CT,3.0,Gen3
JHN CAP OP,CT,3.0,Gen3
CT CHEST NO IVCON,CT,3.0,Gen3
"XR CHEST 2 VIEWS, FRONTAL AND LATERAL XR CHEST 2 VIEWS, FRONTAL AND LATERAL",DX,3.0,Gen3
CT CHEST ILD,CT,3.0,Gen3
XR CHEST PA AND LATERAL,"CR,DX",3.0,Gen3
THORAX^TRAUMA_CHEST_ABD_PEL (ADULT),CT,3.0,Gen3
CT ABD-PELV W/O CM,CT,3.0,Gen3
ABDOMEN^XL_AP_WITH (ADULT),CT,3.0,Gen3
CHEST POST LINE/TUBE/ETT INIT,CR,3.0,Gen3
VASCULAR^PRE_AAA_STENT_ (ADULT),CT,3.0,Gen3
XR SPINE LUMBAR (AP+LAT),CR,3.0,Gen3
CAP IV OP,CT,3.0,Gen3
THORACIC SPINE 3 VIEWS,CR,3.0,Gen3
CT CHEST W/O CM,CT,3.0,Gen3
XR STERNUM PA AND LATERAL,DX,3.0,Gen3
HEAD^STEALTH_SINUSES (ADULT),CT,3.0,Gen3
DX CHEST PORT LINE/TUBE PLCMT 1 EXAM,CR,3.0,Gen3
CT CHEST WO CONTRAST OP,CT,3.0,Gen3
JCCI CT CHEST PE,CT,3.0,Gen3
CT CHEST WO CONT,CT,3.0,Gen3
CT CHEST WO AND W CONTRAST,CT,3.0,Gen3
ABDOMEN,DX,3.0,Gen3
C/A/P IP,CT,3.0,Gen3
JCCI CT CHEST/PELVIS,CT,3.0,Gen3
VASCULAR^CTA_CHEST_GR (ADULT),CT,3.0,Gen3
CTA CERVICAL CAROTIDS-CS,CT,3.0,Gen3
CT P ANGIO CHEST WWO,CT,3.0,Gen3
CHEST OP CARDIAC,CT,3.0,Gen3
CT LUNG NODULE F/U,CT,3.0,Gen3
XR RIBS LEFT -  2 VIEWS,CR,3.0,Gen3
0,DX,3.0,Gen3
CT THORAX WITH CONTRAST,CT,3.0,Gen3
HIP LEFT 2 VIEWS LATERAL AND AP PELVIS (ROUTINE),CR,3.0,Gen3
CT HEART W CONTRAST- LEFT ATRIUM AND PULMONARY VEINS,CT,3.0,Gen3
CTA ABDOMEN WWO CONTRAST (AORTA),CT,3.0,Gen3
CT HEAD (PERFUSION ONLY),CT,3.0,Gen3
CT FACE/SINUSES (BRAINLAB) WO CONTRAST,CT,3.0,Gen3
ABD^GENERIC ABD,MR,3.0,Gen3
HEAD^CTA_HEAD (ADULT),CT,3.0,Gen3
ANKLE LEFT MIN 3 VIEWS,DX,3.0,Gen3
CHEST  1 VIEW,CR,3.0,Gen3
HEAD,CT,3.0,Gen3
XR SPINE LUMBAR (AP+LAT),DX,3.0,Gen3
"XR WRIST LEFT (ROUTINE: AP,LAT,OBL)",CR,3.0,Gen3
ABDOMEN^ABD_PELVIS_WITHOUT (ADULT),CT,3.0,Gen3
RA CHEST 1 VIEW FRONTAL,CR,3.0,Gen3
HIP RIGHT 2 VIEWS LATERAL AND AP PELVIS (ROUTINE),CR,3.0,Gen3
PORTABLE CXR PICC PLMT,CR,2.0,Gen3
XR RIGHT KNEE 4+ VIEWS,DX,2.0,Gen3
"XR SPINE LUMBAR (AP, LAT, FLEX/EX)",DX,2.0,Gen3
XR PORT CHEST,CR,2.0,Gen3
CHEST/ABD-PEL W/WO IP,CT,2.0,Gen3
PERFORMED DESC,DX,2.0,Gen3
MAMMO 3D TOMO SCREENING BILATERAL,MG,2.0,Gen3
XR PORT ABDOMEN SINGLE VIEW AP,CR,2.0,Gen3
CHEST 1 VIEW PORTABLE,DX,2.0,Gen3
CT CHEST/ABD/PELV WO CONTRAST,CT,2.0,Gen3
PORTABLE CHEST 1 VIEW,DX,2.0,Gen3
XR LOWER LEG (TIBIA/FIBULA) LEFT,DX,2.0,Gen3
PERFORMED DESC,CR,2.0,Gen3
RIBS UNILATERAL LEFT 2 VIEWS,CR,2.0,Gen3
CT CHEST WO CONTRAST IP,CT,2.0,Gen3
CNHDWO,CT,2.0,Gen3
CT CHEST WITH CONTRAST - PE PROTOCOL,CT,2.0,Gen3
XR RIGHT HAND 3+ VIEWS,DX,2.0,Gen3
CT CHEST HIGH RESOLUTION WITHOUT CONTRAST,CT,2.0,Gen3
CT CHEST FOR NODULE,CT,2.0,Gen3
"XR FOOT LEFT (ROUTINE: AP,LAT,OBL)",CR,2.0,Gen3
CT ABDOMEN AND PELVIS W/O CONTRAST,CT,2.0,Gen3
XR RIGHT SHOULDER 2+ VIEWS,DX,2.0,Gen3
CT CHEST PE STUDY,CT,2.0,Gen3
HEAD^DE_CTA_NECK (ADULT),CT,2.0,Gen3
XR SHOULDER 2 OR MORE VIEW,DX,2.0,Gen3
CT CHEST PULMONARY ANGIOGRAM,CT,2.0,Gen3
CAP IV ER,CT,2.0,Gen3
CT ANGIOGRAPHY CHEST WITH CONTRAST,CT,2.0,Gen3
THORAX CT WITH CONTRAST DIAGNOSTIC,CT,2.0,Gen3
XR ACUTE ABDOMINAL SERIES W PA CHEST PORTABLE,DX,2.0,Gen3
MR KNEE LEFT WO CONTRAST,MR,2.0,Gen3
HEAD^HEAD_C_SPINE (ADULT),CT,2.0,Gen3
HEAD^HEAD_FAST (ADULT),CT,2.0,Gen3
CAP COMBO(ADULT),CT,2.0,Gen3
JOINE CT CHEST,CT,2.0,Gen3
XR KNEE RT 3 VIEWS,DX,2.0,Gen3
KNEE LEFT 3 VIEWS (ROUTINE),CR,2.0,Gen3
XR SPINE CERVICAL (AP + LAT),DX,2.0,Gen3
CT ABD AND PELVIS W WO CONTRAS-CS,CT,2.0,Gen3
"XR SPINE LUMBAR (AP+LAT, SUPINE+UPRIGHT)",DX,2.0,Gen3
XR SPINE LUMBAR (AP+LAT+OBLIQUES),DX,2.0,Gen3
CT CHEST W CONTRAST IP,CT,2.0,Gen3
CT CHEST W CONT,CT,2.0,Gen3
CHEST-PA ONLY,DX,2.0,Gen3
CT CHEST W CON,CT,2.0,Gen3
XR PORT ABDOMEN 1V LINE PLCMNT - NO CHARGE,CR,2.0,Gen3
XR SPINE THORACIC (AP+LAT),DX,2.0,Gen3
XR SHOULDER RT 2 OR MORE VIEWS,DX,2.0,Gen3
XR SHOULDER RT 1 VIEW,DX,2.0,Gen3
XR LEFT KNEE 4+ VIEWS,DX,2.0,Gen3
CT ABDOMEN PELVIS W WO CONTRAST,CT,2.0,Gen3
CT ABDOMEN W CONTRAST (PANCREAS),CT,2.0,Gen3
CT HEAD (BRAIN LAB) WO CONTRAST POST OP,CT,2.0,Gen3
CT CT-ANGIOGRAPHY CHEST W/WO,CT,2.0,Gen3
CHEST-PA AND LATERAL VIEWS,DX,2.0,Gen3
CT HEART PULMONARY VEINS STRUCTURE MORPHOLOGY WITH CONTRAST,CT,2.0,Gen3
CHEST WITH(ADULT),CT,2.0,Gen3
CT LEVEL 1-2 HEAD WO ED TRAUMA,CT,2.0,Gen3
CT LEVEL 1-2 SPINE THORACIC LUMBAR REFORMATS W ED TRAUMA,CT,2.0,Gen3
CHEST PE OP,CT,2.0,Gen3
CT LEVEL 1-2 CERVICAL SPINE WO ED TRAUMA,CT,2.0,Gen3
CT LEVEL 1-2 ANGIOGRAPHY NECK ED TRAUMA,CT,2.0,Gen3
CT FACE/SINUSES + NECK (H AND N CANCER) W CONTRAST*,CT,2.0,Gen3
RIBS - UNILATERAL NO CHEST-CS,DX,2.0,Gen3
"XR CHEST LATERAL, DECUBITUS, OR BUCKY",CR,2.0,Gen3
"XR FOOT RIGHT (ROUTINE: AP,LAT,OBL)",DX,2.0,Gen3
CT HEAD WITHOUT,CT,2.0,Gen3
CHEST PE ER,CT,2.0,Gen3
CT HEART WITH CONTRAST,CT,2.0,Gen3
ABDOMEN^ABD_WWO_RENALMASS_GR (ADULT),CT,2.0,Gen3
CHEST W CONTRAST CT,CT,2.0,Gen3
CT CT-THORAX (W/O CONTRAST),CT,2.0,Gen3
HEAD^CT_MAXILLOFACIAL_WO (ADULT),CT,2.0,Gen3
CT CTA CHEST W CONTRAST,CT,2.0,Gen3
CT HEART W CONTRAST 3D CONGENITAL HEART DISEASE,CT,2.0,Gen3
CT CARDIAC W,CT,2.0,Gen3
CT CERVICAL SPINE WO IV CONTRAST,CT,2.0,Gen3
CT ANGIOGRAM PULMONARY ABDOMEN AND PELVIS W CONTRAST,CT,2.0,Gen3
XR P PORT CHEST 1V LINE PLCMNT-NO CHARGE,DX,2.0,Gen3
XR KNEE LT 3 VIEWS,CR,2.0,Gen3
CT ANGIOGRAM CHEST FOR PULMONARY HYPE,CT,2.0,Gen3
XR HIP RIGHT 1 VIEW,DX,2.0,Gen3
CT ABDOMEN WWO CONTRAST (ADRENALS),CT,2.0,Gen3
FOOT RIGHT COMPLETE MIN 3 VIEWS,DX,2.0,Gen3
XR LEFT HAND 3+ VIEWS,DX,2.0,Gen3
CT ANGIO CHEST WITH AND WITHOUT CONTRAST,CT,2.0,Gen3
XR HIP LEFT 2-3 VIEWS WWO PELVIS,CR,2.0,Gen3
XR HIP RIGHT 2-3 VIEWS WWO PELVIS,CR,2.0,Gen3
CT ABDOMEN/PELVIS WITHOUT CONTRAST,CT,2.0,Gen3
XR KNEE LT 4 OR MORE VIEWS,CR,2.0,Gen3
CT CHEST ABDOMEN ANGIOGRAM WITH IV CONTRAST,CT,2.0,Gen3
XR CHEST PA LATERAL W BOTH OBLIQUE PROJECTIONS;,CR,2.0,Gen3
XR KNEE RT 1 OR 2 VIEWS,DX,2.0,Gen3
CT ABD-PEL WO/W CM,CT,2.0,Gen3
XR CHEST 3 VIEWS,CR,2.0,Gen3
CT ABDOMEN AND PELVIS W CONT,CT,2.0,Gen3
CT ABDOMEN PELVIS W CO,CT,2.0,Gen3
XR LUMBAR SPINE 2-3 VIEWS,CR,2.0,Gen3
XR LOWER LEG (TIBIA/FIBULA) LEFT,CR,2.0,Gen3
"XR RIBS INCLUDING PA CHEST XR, BILATE",DX,2.0,Gen3
XR RIBS BILATERAL WITH CHEST - 1 VIEW,DX,2.0,Gen3
HEAD^DE_CTA_HEAD (ADULT),CT,2.0,Gen3
E+1 CT CHEST WO CONTRAST,CT,2.0,Gen3
ABDOMEN KIDNEY CHEST PELVIS WITH(ADULT),CT,2.0,Gen3
HIP R,CR,2.0,Gen3
CTA MICS IP,CT,2.0,Gen3
L-SPINE^L-SP OPTIMIZED,MR,2.0,Gen3
CARDIAC PUL VEIN OP,CT,2.0,Gen3
THORAX^11_CHEST_BX_STARTUP_NOBREATHING (ADULT),CT,2.0,Gen3
JOICC CT CHEST,CT,2.0,Gen3
ABD UPRT VIEWONLY,CR,2.0,Gen3
ABDOMEN^CTA_ABD_PELVIS_ (ADULT),CT,2.0,Gen3
XR CHEST 3 VIEWS,DX,2.0,Gen3
JOINY CT CHEST,CT,2.0,Gen3
JOICC CT CHEST W/,CT,2.0,Gen3
XR CHEST PA AND LATERAL,DR,2.0,Gen3
THORAX^1CAP_W_IRIS (ADULT),CT,2.0,Gen3
THORAX^CTA_AAA (ADULT),CT,2.0,Gen3
PET^1HPPETCT_NETSPOT (ADULT),CTPT,2.0,Gen3
CT THORACIC AND LUMBAR SPINE WITHOUT IV CONTRAST,CT,2.0,Gen3
CHEST CT WITH CONTRAST,CT,2.0,Gen3
THORAX^CHEST_WO_IRIS (ADULT),CT,2.0,Gen3
CT CHEST WO IV CONT,SR,2.0,Gen3
JHN STNECK CAP W OP,CT,2.0,Gen3
ABDOMEN SERIES INCL CHEST-CS,CR,2.0,Gen3
HIP COMPLETE RIGHT MIN 2 VWS,CR,2.0,Gen3
HIP COMPLETE LEFT MIN 2 VWS,CR,2.0,Gen3
CTA HEAD NECK(ADULT),CT,2.0,Gen3
CTA CIRCLE OF WILLIS-CS,CT,2.0,Gen3
ABDOMEN^CT_MARKS_CAILLAT_AP (ADULT),CT,2.0,Gen3
THORAX^CAP_WO (ADULT),CT,2.0,Gen3
JHN CHEST PE OP,CT,2.0,Gen3
PORT - CXR,DX,2.0,Gen3
CHEST,CT,2.0,Gen3
HEAD^MAXILLOFACIAL (ADULT),CT,2.0,Gen3
VASCULAR^CTA_HEADNECK_GR (ADULT),CT,2.0,Gen3
JOINY CT CHEST/PELVIS WITH,CT,2.0,Gen3
BONE MINERAL DENSITY DXA AXIAL SKELETON (ROUTINE),CR,2.0,Gen3
HEAD^BRAIN,MR,2.0,Gen3
JHN OP CHEST WO,CT,2.0,Gen3
CTA CHEST ANGIO,CT,2.0,Gen3
LSPINE,MR,2.0,Gen3
CTA CHEST(ADULT),CT,2.0,Gen3
KNEE,MR,2.0,Gen3
THORAX^VERAN_MEDIUM (ADULT),CT,2.0,Gen3
PET CT FDG IMAG SKULL TO THIGH,"OT,PT",2.0,Gen3
FOOT LEFT 3 VIEWS (WEIGHT BEARING),CR,2.0,Gen3
FOOT,CR,2.0,Gen3
CTA CHEST W WO CONTRAST,CT,2.0,Gen3
BRAIN LAB ENT(ADULT),CT,2.0,Gen3
THORAX^DE_TRAUMA_CAP_WITH_FEET_FIRST__INFUSION_AUTO_CUSTOMIZED (,CT,2.0,Gen3
ABDOMEN^CYSTOGRAM (ADULT),CT,2.0,Gen3
THORAX^1_CHEST_WO_IRIS (ADULT),CT,2.0,Gen3
CT UROGRAM W POST PROCESSING,CT,2.0,Gen3
HAND LEFT 3 VIEWS MIN,CR,2.0,Gen3
CT: CHEST W/CONTRAST,CT,2.0,Gen3
ABDOMEN^11_ADRENAL (ADULT),CT,2.0,Gen3
XR CHEST POSTEROANTERIOR WITH DECUBITUS,DX,2.0,Gen3
ACWOWC ANGIO CHEST WO/WC,CT,2.0,Gen3
VASCULAR^FL_CTPA (ADULT),CT,2.0,Gen3
ABDOMEN^ROUTINE_AP_LOW_DOSE_WO__CUSTOMIZED (ADULT),CT,2.0,Gen3
ANGIO - CHEST (PE STUDY),CT,2.0,Gen3
XR CHEST 1VIEW,DX,2.0,Gen3
ABDOMEN^PEDS__ABD_PEL_WITH (CHILD),CT,2.0,Gen3
VASCULAR^CTA_MESSENTERIC (ADULT),CT,2.0,Gen3
CHEST 1 VIEW PORTABLE,CR,2.0,Gen3
XR SPINE CERVICAL (AP + LAT),CR,2.0,Gen3
MRI ABD WWO IV CONT,MR,2.0,Gen3
XRAY CHEST AP PORTABLE,CR,2.0,Gen3
BRAIN W/ CONTRAST (CT)-CS,CT,2.0,Gen3
CARDIAC^DANIELS_ROUTINE (ADULT),CT,2.0,Gen3
JHN CT CHEST WO OP,CT,2.0,Gen3
THORAX^01_CHEST_ROUTINE_WO (ADULT),CT,2.0,Gen3
THORAX^01_CHEST_ROUTINE_WITH (ADULT),CT,2.0,Gen3
THORAX^XL_CHEST_WITH_CUSTOMIZED (ADULT),CT,2.0,Gen3
T-SPINE^ROUTINE,MR,2.0,Gen3
CAP OP,CT,2.0,Gen3
CARDIAC TRIPLE RULE OUT OP,CT,2.0,Gen3
THORAX^LOW_DOSE_LUNG_UNDER_30_BMI (ADULT),CT,2.0,Gen3
"CHEST, TWO VIEWS",CR,2.0,Gen3
SPINE^MR SPINE CERVICAL (2019),MR,2.0,Gen3
ABDOMEN^ENTEROGRAPHY (ADULT),CT,2.0,Gen3
ANKLE LEFT MIN 3 VIEWS,CR,2.0,Gen3
PELVIS^PELVIS_TRAUMA_CUSTOMIZED (ADULT),CT,2.0,Gen3
CTA ABDOMEN PELVIS AND BILATERAL EXTREMITY,CT,2.0,Gen3
ANKLE RIGHT 3 VIEWS (WEIGHT BEARING),CR,2.0,Gen3
THORAX^CT_CHEST_WO_AND_HI_RES_CUTS (ADULT),CT,2.0,Gen3
XR CHEST PA ONLY,DX,2.0,Gen3
THORAX^XL_CAP_WITH_CUSTOMIZED (ADULT),CT,2.0,Gen3
DX CHEST PORT ENDOTUBE NEW PLCT,CR,2.0,Gen3
THORAX^GH_THORAXHR (ADULT),CT,2.0,Gen3
HEAD^HEAD_WOANDWITH_GR (ADULT),CT,2.0,Gen3
DX CHEST PORT LINE/TUBE PLCMT 2 EXAMS,CR,2.0,Gen3
CODE T CHEST AP PORTABLE,CR,2.0,Gen3
MR SHOULDER RIGHT WO CONTRAST,MR,2.0,Gen3
VASCULAR^RUNOFF_CTA (ADULT),CT,2.0,Gen3
JCCI CT CHEST HRCT,CT,2.0,Gen3
CHEST SINGLE VIEW FRONTAL,CR,2.0,Gen3
ABOVE 30 BMI LUNG LOW DOSE(ADULT),CT,2.0,Gen3
DG CHEST 1V,CR,2.0,Gen3
DR CHEST PORTABLE,CR,2.0,Gen3
VASCULAR^CH03A_CHST_W_PE (ADULT),CT,2.0,Gen3
JCCI CAP TRIPLE,CT,2.0,Gen3
JHN 3PHASE W/W/O,CT,1.0,Gen3
JHN CAP IP,CT,1.0,Gen3
JCCI CTA CHEST,CT,1.0,Gen3
JHN A/P IP,CT,1.0,Gen3
JHN CAP 3D PANC AP OP,CT,1.0,Gen3
JHN CAP 3PHASE OP,CT,1.0,Gen3
JCCI CT TRIPLE CAP,CT,1.0,Gen3
JHN CAP COMBO IP,CT,1.0,Gen3
JHN CAP COMBO IV,CT,1.0,Gen3
JHN CAP W/ OP,CT,1.0,Gen3
JHN CAP W OP,CT,1.0,Gen3
JHN CAP W POIV IP,CT,1.0,Gen3
JHN CAP W/ IP,CT,1.0,Gen3
JHN CAP W/O,CT,1.0,Gen3
JHN CAP WO OP,CT,1.0,Gen3
CT ABDOMEN AND PELVIS RENAL STONE LOW DOSE,CT,1.0,Gen3
JHN CHEST IP,CT,1.0,Gen3
JHN CHEST OP IV,CT,1.0,Gen3
JHN CHEST W OP,CT,1.0,Gen3
JHN CHEST WITH OP,CT,1.0,Gen3
JHN CAP WITH IP,CT,1.0,Gen3
"SKULL, SINUS & FACIAL,NASAL & ORBITS",CR,1.0,Gen3
THORAX^CTA_CHEST_ABD_PELVIS (ADULT),CT,1.0,Gen3
RIGHT KNEE-ROUTINE STUDY (RAD)-CS,CR,1.0,Gen3
LUMBAR SPINE,CR,1.0,Gen3
OUT X-RAY CHEST 1 VIEW,CR,1.0,Gen3
OUT X-RAY CHEST 1 VIEW 71045,CR,1.0,Gen3
JHN CHEST WO IP,CT,1.0,Gen3
PORTABLE ABDOMEN,CR,1.0,Gen3
RIBS - UNILATERAL NO CHEST-CS,CR,1.0,Gen3
RIBS UNILATERAL LEFT 2 VWS WITH PA CHEST,CR,1.0,Gen3
RIBS UNILATERAL RIGHT 2 VWS WITH PA CHEST,CR,1.0,Gen3
RIGHT FOOT-ROUTINE STUDY(RAD)-CS,CR,1.0,Gen3
RIBS BILAT,CR,1.0,Gen3
CT ABDOMEN,CT,1.0,Gen3
SACRUM AND COCCYX MIN 2 VIEWS,CR,1.0,Gen3
SHOULDER 3 VIEWS RIGHT,CR,1.0,Gen3
SHOULDER RIGHT 2 VIEWS,CR,1.0,Gen3
SHOULDER RIGHT 4 VIEWS,CR,1.0,Gen3
SINUSES COMPLETE MIN 3 VIEWS,CR,1.0,Gen3
SKULL LESS THAN 4 VIEWS,CR,1.0,Gen3
SHOULDER L,CR,1.0,Gen3
THORACIC SPINE 2 VIEWS,CR,1.0,Gen3
CT ABD/PEL W IVCON,CT,1.0,Gen3
SHOULDER LEFT 1 VIEW,CR,1.0,Gen3
JCCI CHEST WITH,CT,1.0,Gen3
JHN CST/PEL W/,CT,1.0,Gen3
JCCI CT CHEST LUNG SCREENING,CT,1.0,Gen3
JCCI CHEST/PEL,CT,1.0,Gen3
JCCI CT ABD WITHOUT,CT,1.0,Gen3
JCCI CT ABD/PEL,CT,1.0,Gen3
JCCI CT C/A,CT,1.0,Gen3
JCCI CT C/P,CT,1.0,Gen3
JCCI CT CAP ENHANCED,CT,1.0,Gen3
JCCI CT CAP WITHOUT,CT,1.0,Gen3
JCCI CT CHEST AND PELVIS ENHANCED,CT,1.0,Gen3
JCCI CT CHEST FOR PE,CT,1.0,Gen3
JCCI CT CHEST W/O,CT,1.0,Gen3
JCCI CHEST WITHOUT,CT,1.0,Gen3
JCCI CT CHEST WITH,CT,1.0,Gen3
JCCI CT CHEST WO,CT,1.0,Gen3
JCCI CT CHEST/PEL,CT,1.0,Gen3
JCCI CT CHEST/UROGRAM,CT,1.0,Gen3
JHN OP CTA CHEST W/W/O,CT,1.0,Gen3
JHN PE CHEST IP,CT,1.0,Gen3
LUMBAR SACRAL SPINE MIN 4 VIEWS,CR,1.0,Gen3
RM CTA CHEST WITH CONT,CT,1.0,Gen3
JOIBV CT CHEST,CT,1.0,Gen3
JCCI CHEST WO,CT,1.0,Gen3
JCCI CHEST WITH PE,CT,1.0,Gen3
JHN CTA CHEST WITH ONLY IP,CT,1.0,Gen3
JCCI CT LOW DOSE CHEST,CT,1.0,Gen3
JHN IP CAP W,CT,1.0,Gen3
JHN IP CHEST WO,CT,1.0,Gen3
JHN IP PE W/,CT,1.0,Gen3
JHN OP CAP COMBO,CT,1.0,Gen3
JHN OP CAP W/ PO IV,CT,1.0,Gen3
JHN OP CAP WPOIV,CT,1.0,Gen3
JHN OP CHEST W/O,CT,1.0,Gen3
JCCI CT PE CHEST,CT,1.0,Gen3
JCCI CT LUNG CANCER SCREENING,CT,1.0,Gen3
JCCI CT CHESTW,CT,1.0,Gen3
JCCI CHEST COMB,CT,1.0,Gen3
HEAD^HEAD_CERV_COMB (ADULT),CT,1.0,Gen3
HEAD^HEAD_FACE_C_SPINE (ADULT),CT,1.0,Gen3
HEAD^TEMPORAL_BONE (ADULT),CT,1.0,Gen3
HEAD^TEMPORAL_BONES (ADULT),CT,1.0,Gen3
HEAD^TEMP_BONES_GR (ADULT),CT,1.0,Gen3
IR CHEST TUBE PLACEMENT (ORERABLE BY,CT,1.0,Gen3
IR CHEST TUBE PLACEMENT (ORERABLE BY IR SERVICE ONLY),CT,1.0,Gen3
JCCI CAP ENHANCED,CT,1.0,Gen3
JCCI CHEST,CT,1.0,Gen3
LUMBOSACRAL SPINE AP/LAT ONLY-CS,CR,1.0,Gen3
CHEST PA AND LATERAL,CR,1.0,Gen3
LT FOOT,CR,1.0,Gen3
CERVICAL SPINE-2/3 VIEWS ONLY-CS,CR,1.0,Gen3
ANKLE LEFT 3 VIEWS (WEIGHT BEARING),CR,1.0,Gen3
ANKLE RIGHT MIN 3 VIEWS,CR,1.0,Gen3
"ABDOMEN GU,ABDOMEN",CR,1.0,Gen3
ANKLE & FOOT,CR,1.0,Gen3
BILATERAL ANKLE MIN 3 VIEWS-CS,CR,1.0,Gen3
BILATERAL FOOT AP&LAT-CS,CR,1.0,Gen3
BILATERAL KNEE 3 VIEWS-CS,CR,1.0,Gen3
C-SPINE,CR,1.0,Gen3
CERVICAL SPINE 2-3 VIEWS,CR,1.0,Gen3
CHEST - PA AND LAT,CR,1.0,Gen3
ADULT CHEST - 2 VIEWS,CR,1.0,Gen3
CHEST 1 VIEW AP/PA,CR,1.0,Gen3
CHEST 1 VIEW PA,CR,1.0,Gen3
CHEST 2 VIEWS DX,CR,1.0,Gen3
CHEST AP INFANT PORTABLE,CR,1.0,Gen3
CHEST DECUB RGHT/LFT/BIL (RAD)-CS,CR,1.0,Gen3
CHEST FOUR VIEWS,CR,1.0,Gen3
CHEST LAT,CR,1.0,Gen3
CHEST OVER PENETRATED PA AP PORTABLE,CR,1.0,Gen3
CHEST PA   LATERAL (RAD)-CS,CR,1.0,Gen3
ADULT CHEST 2 VIEW,CR,1.0,Gen3
ABDOMEN SERIES FLAT AND ERECT PORTABLE,CR,1.0,Gen3
LEFT WRIST-ROUTINE STUDY-CS,CR,1.0,Gen3
FEMUR / JOINTS L,CR,1.0,Gen3
DXR: CHEST PA + LATERAL XRAY,CR,1.0,Gen3
DXR: CHEST - AP PORTABLE,CR,1.0,Gen3
DXR: CHEST AP FOR PICC LINE,CR,1.0,Gen3
DXR: CHEST PA XRAY,CR,1.0,Gen3
ELBOW RIGHT MIN 3 VIEWS (ROUTINE),CR,1.0,Gen3
FEMUR LEFT 2 VIEWS MIN,CR,1.0,Gen3
FOOT LEFT MIN 3 VIEWS (ROUTINE),CR,1.0,Gen3
FOREARM LEFT 2 VIEWS,CR,1.0,Gen3
FOREARM RIGHT 2 VIEWS,CR,1.0,Gen3
HAND 2 VIEWS LEFT,CR,1.0,Gen3
ABD SUPINE LATERAL,CR,1.0,Gen3
HIP LEFT MIN 2 VIEWS ORTHO (LATERAL AND AP HIP),CR,1.0,Gen3
HIP RIGHT 1 VIEW,CR,1.0,Gen3
HUMERUS LEFT 2 VIEWS MIN,CR,1.0,Gen3
HAND & WRIST,CR,1.0,Gen3
INFANT BONE SURVEY UP TO 12 MONTHS OLD,CR,1.0,Gen3
CHEST; 1V,CR,1.0,Gen3
CHEST-PA AND LATERAL VIEWS,CR,1.0,Gen3
KNEE 3 VIEWS LEFT,CR,1.0,Gen3
"CHEST, LAT DECUB LT",CR,1.0,Gen3
SPECIALS^BX_PROCEDURE (ADULT),CT,1.0,Gen3
CHEST PORT LINE TUBE PLCT 1 EXAM,CR,1.0,Gen3
CHEST PORTABLE SINGLE VIEW,CR,1.0,Gen3
XR CHEST LEFT DECUBITUS VIEW (RIGHT SIDE UP),CR,1.0,Gen3
XR CHEST AP LAT 2V,CR,1.0,Gen3
XR CHEST AP OR PA PORTABLE,CR,1.0,Gen3
XR CHEST AP/PA LATERAL WITH OBLIQUES 3-4 VW,CR,1.0,Gen3
XR CHEST APLATAPICAL LORDOTIC,CR,1.0,Gen3
XR CHEST BEDSIDE 1VIEW -PROV,CR,1.0,Gen3
XR CHEST BILATERAL DECUBITUS ONLY,CR,1.0,Gen3
XR CHEST DECUBITUS 1 VW LEFT,CR,1.0,Gen3
XR CHEST DECUBITUS 1 VW RIGHT,CR,1.0,Gen3
XR CHEST LATERAL DECUBITUS RIGHT,CR,1.0,Gen3
XR CHEST PNEUMONIA ALERT 2 VWS,CR,1.0,Gen3
CHEST ROUTINE PA/AP AND LATERAL,CR,1.0,Gen3
TRAUMA CHEST AP PORTABLE,CR,1.0,Gen3
TIBIA AND FIBULA RIGHT 2 VIEWS,CR,1.0,Gen3
L/S SP W/OBL  FLEX & EXTEN-CS,CR,1.0,Gen3
TIBIA AND FIBULA LEFT 2 VIEWS,CR,1.0,Gen3
L/S SPINE,CR,1.0,Gen3
LCMC XR ABDOMEN 1 VW,CR,1.0,Gen3
LCMC XR CHEST ABDOMEN 1 VW EACH,CR,1.0,Gen3
LEFT FOOT - ROUTINE STUDY(RAD)-CS,CR,1.0,Gen3
LEFT KNEE 1 OR 2 VIEWS (RAD)-CS,CR,1.0,Gen3
XR CHEST ABDOMEN 1 VW EACH,CR,1.0,Gen3
XR CHEST 4+ VIEWS,CR,1.0,Gen3
XR CHEST 4 OR MORE VIEWS,CR,1.0,Gen3
XR CHEST 2 VIEWS WITH DECUBITUS VIEWS,CR,1.0,Gen3
CHEST SINGLE VIEW XR,CR,1.0,Gen3
KNEE 2 VIEWS LEFT,CR,1.0,Gen3
KNEE LT.,CR,1.0,Gen3
"XR CHEST SPECIAL VIEW (LORDOTIC,DECUB)",CR,1.0,Gen3
"TIBIA AND FIBULA RT, 4 VWS OR MORE",CR,1.0,Gen3
THORACIC SPINE,CR,1.0,Gen3
UNKNOWN RIS CODE,CR,1.0,Gen3
UNSPECIFIED CR CHEST,CR,1.0,Gen3
UNSPECIFIED MERGE ONLY CR,CR,1.0,Gen3
"VP SHUNT - CHEST 2V, ABD COMPLETE, SKULL < 4VWS",CR,1.0,Gen3
WRIST COMPLETE RIGHT 3 VIEWS MIN,CR,1.0,Gen3
WRIST 4 VIEW,CR,1.0,Gen3
XR ABDOMEN 1 VW,CR,1.0,Gen3
XR ABDOMEN ACUTE PORTABLE,CR,1.0,Gen3
XR ABDOMEN SINGLE AP VIEW,CR,1.0,Gen3
"XR ACUTE ABDOMEN (SUPINE,UPRIGHT,AND 1 VIEW CHEST)",CR,1.0,Gen3
"XR ANKLE RIGHT (ROUTINE: AP,LAT,OBL)",CR,1.0,Gen3
XR CHEST,CR,1.0,Gen3
XR CHEST  INSPIRATION AND EXPIRATION,CR,1.0,Gen3
SPLIT DISSECTION GATED  CTA,CT,1.0,Gen3
OUT CTA CHEST WWO CONTRAST,CT,1.0,Gen3
SPECIALS^PERFUSION (ADULT),CT,1.0,Gen3
CT SPINE THORACIC LUMBAR REFORMATS WO CONTRAST,CT,1.0,Gen3
CT ANGIO ABDOMEN AND PELVIS,CT,1.0,Gen3
CT ANGIO CHEST W+/OR WO + RECON,CT,1.0,Gen3
CT CHEST WITH CONT,CT,1.0,Gen3
CT CHEST WITHOUT CONTR,CT,1.0,Gen3
HEAD^DE_HEAD_WITH_CUSTOMIZED (ADULT),CT,1.0,Gen3
CT PELVIS WWO CONTRAST,CT,1.0,Gen3
CT PULMONARY EMBOLI WITH IV CONTRAST,CT,1.0,Gen3
CT SPINE CERVICAL W CONTRAST,CT,1.0,Gen3
CT SPINE LUMBAR WOUT CON,CT,1.0,Gen3
CT SPINE THORACIC W CONTRAST,CT,1.0,Gen3
"CT ANGIOGRAM OF CHEST, ABDOMEN AND PELVIS FOR TRANSCATHETER AOR*",CT,1.0,Gen3
CT THORACIC SPINE REFORMAT IMAG,CT,1.0,Gen3
CT THORACIC SPINE WITHOUT IV CONTRAST,CT,1.0,Gen3
CT THORAX  WITHOUT CONTRAST,CT,1.0,Gen3
CT ORBITS OPTIC NERVES WWO CONTRAST,CT,1.0,Gen3
CT TRAUMA CHEST ABDOMEN PELVIS W CONTRAST,CT,1.0,Gen3
CT THORAX HIGH RESOLUTION,CT,1.0,Gen3
CT-CHEST WO,CT,1.0,Gen3
CT: CTA CHEST FOR PE,CT,1.0,Gen3
CTA ABDOMEN AND PELVIS,CT,1.0,Gen3
CT ANGIOGRAPHY CHEST WITH CONTRAST PULMEMB,CT,1.0,Gen3
CT ANGIOGRAM LOWER EXTREMITY RIGHT W WO CONTRAST,CT,1.0,Gen3
CT ABDOMEN AND PELVIS WO  INFUSION - UROLOGY TX,CT,1.0,Gen3
CT ANGIO AORTA RUNOFF,CT,1.0,Gen3
CT ABDOMEN PELVIS W CONTRAST (CIRRHOSIS),CT,1.0,Gen3
CT ABDOMEN PELVIS W/IVCON,CT,1.0,Gen3
CT ABDOMEN PELVIS WO CONTRAST,CT,1.0,Gen3
CT ABDOMEN PELVIS WWO,CT,1.0,Gen3
CT ABDOMEN WWO CHEST PELVIS W (KIDNEYS),CT,1.0,Gen3
CT ABDOMEN WWO CONTRAST,CT,1.0,Gen3
CT ABDOMEN WWO CONTRAST (KIDNEYS),CT,1.0,Gen3
CT ABDOMEN/PELVIS WITH CONTRAST,CT,1.0,Gen3
"CT ANG CHEST, ABD, PEL WWO",CT,1.0,Gen3
CT ANGIO ATRIAL FIBRILLATION,CT,1.0,Gen3
CT ANGIOGRAM CHEST [CH],CT,1.0,Gen3
CT ANGIO CHEST PE,CT,1.0,Gen3
CT ANGIO CHEST WITH ECG GATING,CT,1.0,Gen3
CT ANGIO CHEST/ABD/PELVIS,CT,1.0,Gen3
CT ANGIO CHST/ABD/PEL W/WO CONTRAST,CT,1.0,Gen3
CT ANGIO HEAD W OR WO CONTRAST,CT,1.0,Gen3
CT ANGIO NECK,CT,1.0,Gen3
CT ANGIOGRAM ABDOMINAL AORTA AND BILATERAL ILIOFEMORAL RUNOFF W*,CT,1.0,Gen3
CT ANGIOGRAM CHEST W CONTRAST,CT,1.0,Gen3
CT ANGIOGRAM CHEST W W,CT,1.0,Gen3
CTA ABDOMEN AND PELVIS-CS,CT,1.0,Gen3
CTA CARDIAC OP,CT,1.0,Gen3
CTA CHESPE IV IP,CT,1.0,Gen3
CT GUIDED BIOPSY LUNG MEDIASTINUM,CT,1.0,Gen3
CT CHEST-ABD-PELV W/O CM,CT,1.0,Gen3
CT CHEST/ABDOMEN/PELVIS W/CONTRAST,CT,1.0,Gen3
CT CHST/ABD/PEL W/IV CONTRAST,CT,1.0,Gen3
CT CODE STROKE CTA,CT,1.0,Gen3
CT CT-ABDOMEN/PELVIS W/CONTRAST,CT,1.0,Gen3
CT CEREBRAL PERFUSION ANALYSIS,CT,1.0,Gen3
CT CHEST W WO,CT,1.0,Gen3
CT ENTEROGRAPHY DONE AT WAKE FOREST BAPTIST IMAGING,CT,1.0,Gen3
CT FACE/SINUSES (BRAINLAB) W* CONTRAST,CT,1.0,Gen3
CT GUIDED CHEST LUNG B,CT,1.0,Gen3
CTA CHEST ABDOMEN PELVIS W/O & W IV CON,CT,1.0,Gen3
CT HEAD,CT,1.0,Gen3
CT HEAD WITHOUT CONTRAST,CT,1.0,Gen3
CT HEART WO IV CONTRAST CALCIUM SCORING,CT,1.0,Gen3
CT INITIAL/ANNUAL LUNG SCREENING,CT,1.0,Gen3
CT LEVEL 1-2 FACE WO ED TRAUMA,CT,1.0,Gen3
CT LOW-DOSE LUNG CANCER SCREEN,CT,1.0,Gen3
CT LUMBAR SPINE WO IV CONTRAST,CT,1.0,Gen3
DX KNEE 3 VIEWS UNILATERAL RIGHT,CR,1.0,Gen3
CT ORBITS OPTIC NERVES WO CONTRAST,CT,1.0,Gen3
"CT CHEST, ABDOMEN, PEL",CT,1.0,Gen3
"CT CHEST, ABDOMEN & PELVIS WO CONTRAST",CT,1.0,Gen3
"CT CHEST, ABDOMEN & PELVIS  W/ 74177,71260,Q9967",CT,1.0,Gen3
CT CHEST(SEE AB/PEL) W IV CON,CT,1.0,Gen3
CTA CHEST AORTA ANGIOGRAPHY W WO CONTRAST,CT,1.0,Gen3
CTA CHEST W IV CONT,CT,1.0,Gen3
CTA P PE CHEST W,CT,1.0,Gen3
CTA_CAP W/WO,CT,1.0,Gen3
CTSTNECK CHEST ABDOMEN PELVIS W WO CONTRAST,CT,1.0,Gen3
CT_AP_WO,CT,1.0,Gen3
CARDIAC^ALIVE (ADULT),CT,1.0,Gen3
CARDIAC^CALCIUM_SCORE_ROUTINE (ADULT),CT,1.0,Gen3
CARDIAC^CA_SCORING_2018 (ADULT),CT,1.0,Gen3
CARDIAC^CORONARY_RETROSPECTIVE_MORE_PAD (ADULT),CT,1.0,Gen3
CHEST PE AVERAGE,CT,1.0,Gen3
HEAD^CT_HEAD_WO_CHEST_WO (ADULT),CT,1.0,Gen3
CT PULM VEIN OP,CT,1.0,Gen3
CT PELVIS W CONTRAST GIGU,CT,1.0,Gen3
CT CHEST WITHOUT CONTRAST WITH OR WITHOUT 2D RECON,CT,1.0,Gen3
CT P CHEST AND UPPER ABD W,CT,1.0,Gen3
CT CHEST WO IV CONTRAST POST PROCESSING,CT,1.0,Gen3
CT CHEST WWO CONT,CT,1.0,Gen3
CT CHEST W_ ABDOMEN PELVIS WWO,CT,1.0,Gen3
CT ABDOMEN AND PELVIS WO CONTRAST,CT,1.0,Gen3
CT ABDOMEN AND PELVIS WITHOUT CONTRAST,CT,1.0,Gen3
SPINE^CT_LUMBAR_SPINE_WO (ADULT),CT,1.0,Gen3
JOINY CAP W/WO,CT,1.0,Gen3
SINUS(ADULT),CT,1.0,Gen3
RH CTA CHEST WITH CONTRAST,CT,1.0,Gen3
JOIBV CT CHEST PE,CT,1.0,Gen3
PELVIS^ROUTINE_PELVIS (ADULT),CT,1.0,Gen3
JOICC CT CHEST W/O,CT,1.0,Gen3
JOIEN C/P,CT,1.0,Gen3
JOIEN CT ABD/PEL,CT,1.0,Gen3
JOIEN CT CHEST - PE,CT,1.0,Gen3
JOIEN CT CHEST W/O,CT,1.0,Gen3
JOINY CT C/A/P TRIPLE,CT,1.0,Gen3
THORAX^CHEST_W (ADULT),CT,1.0,Gen3
JOINY CT C/A/P WO,CT,1.0,Gen3
JOINY CT CHES WITH,CT,1.0,Gen3
JOINY CT CHEST PE,CT,1.0,Gen3
JOINY CT CHEST PE STUDY,CT,1.0,Gen3
JOINY CT CHEST W/O,CT,1.0,Gen3
JOINY CT CHEST WITH,CT,1.0,Gen3
L-SPINE(ADULT),CT,1.0,Gen3
LOW DOSE LUNG CA SCRN 71271-CS,CT,1.0,Gen3
LUNG BX OP,CT,1.0,Gen3
THORAX^CHEST_WITHOUT_WITH (ADULT),CT,1.0,Gen3
THORAX^CHEST_LOW_DOSE_WO (ADULT),CT,1.0,Gen3
CT CAP IP,CT,1.0,Gen3
THORAX^C4A_FLASH_CTA_PE_ROUTINE (ADULT),CT,1.0,Gen3
SPINE^C_SPINE_TIN_FILTER (ADULT),CT,1.0,Gen3
SPINE^C_SPINE_TIN_FILTER_CUSTOMIZED (ADULT),CT,1.0,Gen3
TRIPPLR RULEOUT W OP,CT,1.0,Gen3
TVAR IP,CT,1.0,Gen3
THORAX^01_CHEST_W_HR (ADULT),CT,1.0,Gen3
THORAX^01_LG_CHEST_LOWDOSE_WO_SCREENIN (ADULT),CT,1.0,Gen3
THORAX^1CHEST_W_IRIS (ADULT),CT,1.0,Gen3
THORAX^1THORAXROUTINE (ADULT),CT,1.0,Gen3
THORAX^C2_CHEST_ENHANCED (ADULT),CT,1.0,Gen3
THORAX^C4_CTA_PE (ADULT),CT,1.0,Gen3
THORAX^CHEST_ILD (ADULT),CT,1.0,Gen3
THORAX^CAP_WITH (ADULT),CT,1.0,Gen3
THORAX^CAP_WO_W_IRIS (ADULT),CT,1.0,Gen3
THORAX^CAP_W_IRIS (ADULT),CT,1.0,Gen3
THORAX^CH2_CHEST_WITH (ADULT),CT,1.0,Gen3
THORAX^CHEST_ABD_PELVIS (ADULT),CT,1.0,Gen3
THORAX^CHEST_ABD_PELVIS_WWO (ADULT),CT,1.0,Gen3
THORAX^CHEST_ANGIO_PE_W (ADULT),CT,1.0,Gen3
THORAX^CHEST_AP_WITH (ADULT),CT,1.0,Gen3
THORAX^CHEST_BMI_30_TO_34 (ADULT),CT,1.0,Gen3
NECK^DE_CT_NECK (ADULT),CT,1.0,Gen3
NECK^NECK_WITH_CUSTOMIZED (ADULT),CT,1.0,Gen3
OUT CT CHEST WO,CT,1.0,Gen3
CT CHEST W  ABDOMEN PELVIS WWO,CT,1.0,Gen3
CT CHEST AND ABDOMEN AND PELVIS WWO CONTRAST,CT,1.0,Gen3
CT CHEST ANGIO,CT,1.0,Gen3
CT CHEST ANGIOGRAM IMAGE IMPORT,CT,1.0,Gen3
CT CHEST HI-RESOLUTION W/O IV CONTRAST,CT,1.0,Gen3
CT CHEST HRCT NO IVCON,CT,1.0,Gen3
CT CHEST IV IP,CT,1.0,Gen3
CT CHEST LUNG CANCER SCREENING LOW DOSE W/O CM,CT,1.0,Gen3
CT CHEST OUTSIDE WITH INTERPRETATION OR CONSULT,CT,1.0,Gen3
CT CHEST SCREENING FOR LUNG CANCER,CT,1.0,Gen3
CT CHEST W CON OP,CT,1.0,Gen3
PE CHEST IP,CT,1.0,Gen3
CT CHEST W CONT PULMONARY ARTERIES FOR PE,CT,1.0,Gen3
CT CHEST W CONTRAST OP,CT,1.0,Gen3
CT CHEST W CONTRAST PULMONARY EMBOLISM,CT,1.0,Gen3
CT CHEST W IV CONTRAST PROTOCOL,CT,1.0,Gen3
CT CHEST W IV CONTRAST PULMONARY EMBOLUS,CT,1.0,Gen3
CT CHEST W W/O CONTRAST,CT,1.0,Gen3
CT CAP WITH CONTRAST,CT,1.0,Gen3
CT CAP W TRAUMA,CT,1.0,Gen3
CT CHEST WITH CONTR,CT,1.0,Gen3
CT CHEST ABDOMEN WO CO,CT,1.0,Gen3
CT CHEST ABDOMEN PELVIS W IV CONTRAST,CT,1.0,Gen3
CT CHEST ABDOMEN PELVIS ANGIOGRAM WITH IV CONTRAST,CT,1.0,Gen3
CT CHEST ABDOMEN AND PELVIS WITHOUT IV CONTRAST,CT,1.0,Gen3
PE CHEST OP,CT,1.0,Gen3
PE CHEST WITH,CT,1.0,Gen3
PE CHEST(ADULT),CT,1.0,Gen3
PE/ABDPEL IV ER,CT,1.0,Gen3
PE/ACUTE GI IP ECMO,CT,1.0,Gen3
PELVIS^PELVIS_WO_GR (ADULT),CT,1.0,Gen3
PELVIS^PELVIS_W__GR (ADULT),CT,1.0,Gen3
PELVIS^PELVIS (ADULT),CT,1.0,Gen3
HEAD^FAST_HEAD_CUSTOMIZED (ADULT),CT,1.0,Gen3
HEAD^FACIAL_BONES_WO (ADULT),CT,1.0,Gen3
HEAD^FACE_ORBITS_GR (ADULT),CT,1.0,Gen3
CT CAP W/ WT LOSS OP,CT,1.0,Gen3
CT CERVICAL SPINE WITHOUT IV CONTRAST,CT,1.0,Gen3
CT CHEST   W/O 71250,CT,1.0,Gen3
CT CHEST (CPT=71250),CT,1.0,Gen3
CT CHEST (HIGH RESOLUTION) WITHOUT CONTRAST,CT,1.0,Gen3
CT CHEST (PULMONARY EMBOLISM) PELVIS LOWER EXTREMITY BILATERAL (,CT,1.0,Gen3
CT CHEST ABD PELVIS W O CONTRAST,CT,1.0,Gen3
CT CHEST ABDOMEN AND PELVIS WITH IV CONTRAST,CT,1.0,Gen3
DXR: CHEST PA + LATERAL XRAY,CR,1.0,Gen3
MAMMO SCREENING DIGITAL BILATERAL,MG,1.0,Gen3
DX CHEST SINGLE VIEW AP OR PA,CR,1.0,Gen3
E+1 CTA PE CHEST W,CT,1.0,Gen3
E+1 CT CHEST ABDOMEN PELVIS WITH CONTRAST,CT,1.0,Gen3
E+1 CT CHEST ABDOMEN PELVI,CT,1.0,Gen3
"XR ANKLE LEFT (ROUTINE: AP,LAT,OBL)",DX,1.0,Gen3
"XR ANKLE RIGHT (ROUTINE: AP,LAT,OBL)",DX,1.0,Gen3
E+1 CT CHEST,CT,1.0,Gen3
E+1 HEAD,CT,1.0,Gen3
XR WRIST RIGHT (SCAPHOID VIEW),DX,1.0,Gen3
E+1 CTA DISSECTION,CT,1.0,Gen3
XR ABDOMEN FEEDING TUBE 1 VIEW,DX,1.0,Gen3
"XR WRIST RIGHT (ROUTINE: AP,LAT,OBL)",DX,1.0,Gen3
PET FEVER OF UNKNOWN O,CTPT,1.0,Gen3
MR LUMBAR SPINE W/O CM,MR,1.0,Gen3
"XR WRIST LEFT (ROUTINE: AP,LAT,OBL)",DX,1.0,Gen3
"XR WRIST LEFT (LIMITED: AP,LAT)",DX,1.0,Gen3
ABDOMEN 2018^ABD GENERIC ABDOMEN DOT 2019,MR,1.0,Gen3
XR ABDOMEN COMPLETE W UPRIGHT CHEST,DX,1.0,Gen3
XR ABDOMEN AP,DX,1.0,Gen3
XR TOES RIGHT (SPECIFY DIGITS),DX,1.0,Gen3
XR THIGH/FEMUR RIGHT 2V,DX,1.0,Gen3
XR THIGH/FEMUR LEFT 2V,DX,1.0,Gen3
MR FOOT (FOREFOOT) RIGHT WO CONTRAST,MR,1.0,Gen3
THORAX^THORAXROUTINE (ADULT),CT,1.0,Gen3
DX CHEST (2 VIEWS),DX,1.0,Gen3
ELBOW COMPLETE LEFT MIN 3 VIEWS,DX,1.0,Gen3
E+1 MR SPINE LUMBAR WO CONTRAST,MR,1.0,Gen3
ABDOMEN^GSO MRCP,MR,1.0,Gen3
BRAIN^BRAIN,MR,1.0,Gen3
XR LEFT HIP 2-3 VIEWS (UNILATERAL) WITH PELVIS WHEN PERFORMED,DX,1.0,Gen3
*XR CHEST AP OR PA,DX,1.0,Gen3
ABDOMEN COMPLETE MIN 2 VWS,DX,1.0,Gen3
THORAX^FLASH_CAP_WITH_CUSTOMIZED (ADULT),CT,1.0,Gen3
THORAX^FLASH_CAP_WITHOUT (ADULT),CT,1.0,Gen3
DX INFANT CHEST AND ABDOMEN PORTABLE 1 VIEW,DX,1.0,Gen3
THORAX^DE_TRAUMA_CAP_WITH__INFUSION_AUTO_CUSTOMIZED (ADULT),CT,1.0,Gen3
SHOULDER 3 VIEWS LEFT,DX,1.0,Gen3
ANGIOS^GBO,MR,1.0,Gen3
THORAX^DE_PE_ABD_PELVIS (ADULT),CT,1.0,Gen3
FEMUR RIGHT 2 VIEWS MIN,DX,1.0,Gen3
FINGER(S) LEFT 2 VIEWS MIN,DX,1.0,Gen3
TIBIA AND FIBULA LEFT 2 VIEWS,DX,1.0,Gen3
HIP COMPLETE LEFT MIN 2VWS ORTHO (AP AND LAT HIP),DX,1.0,Gen3
PULMONARY PERFU SION,NM,1.0,Gen3
XR CHEST LATERAL DECUBITUS LEFT,DX,1.0,Gen3
"XR CHEST DECUBITUS VIEWS, BILATERAL",DX,1.0,Gen3
E+1 CTA CHEST WO/W,CT,1.0,Gen3
E+1 CTA CHEST (PE STUDY) W CONTRAST,CT,1.0,Gen3
E+1 CTA ANGIO NECK,CT,1.0,Gen3
E+1 CT CHEST WITHOUT CONTRAST,CT,1.0,Gen3
XR PORT CHEST 1V,"DX,CR",1.0,Gen3
PORT CHEST,DX,1.0,Gen3
LOWER EXTREMITY^KNEE,MR,1.0,Gen3
JHN C/AP W OP,CT,1.0,Gen3
XR CHEST/ABDOMEN CHILD ONE VIEW,DX,1.0,Gen3
KNEE^LEFT,MR,1.0,Gen3
ADULT CHEST - 2 VIEWS,DX,1.0,Gen3
MR ABD PEL WWO,MR,1.0,Gen3
E+1 CT CHEST WITHOUT CONTRAST,CT,1.0,Gen3
ABDOMEN^ENTEROGRAPHY 2013,MR,1.0,Gen3
MR SHOULDER LEFT WO CONTRAST,MR,1.0,Gen3
THORAX^VERAN_LARGE (ADULT),CT,1.0,Gen3
E+1 CT CHEST WO,CT,1.0,Gen3
XR SHOULDER LT 2 OR MORE VIEWS,DX,1.0,Gen3
VASCULAR^CTA_CAP_GR (ADULT),CT,1.0,Gen3
VASCULAR^CTA_ABD_PEL_GI_BLEED (ADULT),CT,1.0,Gen3
VASCULAR^CODE_STROKE_CTA_WITH_PERFUSION_WS (ADULT),CT,1.0,Gen3
ANKLE LEFT 3 VIEWS (WEIGHT BEARING),DX,1.0,Gen3
XR CHEST 2 VIEWS WITH APICAL LORDOTIC,DX,1.0,Gen3
ABDOMEN^GSO ABDOMEN,MR,1.0,Gen3
"XR ACUTE ABDOMEN (SUPINE,UPRIGHT,AND 1 VIEW CHEST)",DX,1.0,Gen3
L-SPINE^HIGH POINT NEURO,MR,1.0,Gen3
XR CLAVICLE LEFT,DX,1.0,Gen3
CHEST DECUB RGHT/LFT/BIL (RAD)-CS,DX,1.0,Gen3
ABDOMEN PELVIS MRI^MRCP,MR,1.0,Gen3
E+1 CT T SPINE RECON,CT,1.0,Gen3
E+1 CT SOFT TISSUE NECK W CONTRAST,CT,1.0,Gen3
"XR SPINE THORACIC (AP+LAT, SUP/UPRIGHT)",DX,1.0,Gen3
MR ABDOMEN WO/W CM,MR,1.0,Gen3
XRAY CHEST 2 VIEWS,DX,1.0,Gen3
XR FOREARM (RADIUS/ULNA) RIGHT,DX,1.0,Gen3
L-SPINE,MR,1.0,Gen3
XR EG TUBE PLACEMENT,DX,1.0,Gen3
XR ABDOMEN SITZ MARKER,DX,1.0,Gen3
L-SPINE 2019^LUMBAR  2019,MR,1.0,Gen3
MG-POST PROCEDURE MAMMMO,MG,1.0,Gen3
L-SPINE 2013^LSP PDH,MR,1.0,Gen3
PELVISAP TABLE,DX,1.0,Gen3
SCREENING - CONVENTIONAL,MG,1.0,Gen3
XR ABDOMEN TO CHECK TUBE PLCMT,DX,1.0,Gen3
XR ABDOMEN TUBE POSITION CHECK,DX,1.0,Gen3
DIGITAL SCREEN MAMMO W/CAD,MG,1.0,Gen3
BRONCHOSCOPY,DX,1.0,Gen3
WRIST^ROUTINE,MR,1.0,Gen3
PET TUMOR IMAGING WITH GA-68 DOTATATE,CTPT,1.0,Gen3
DX CHEST PORTABLE POST-PICC PLACEMENT 1 VIEW,CR,1.0,Gen3
THORAX^ROUTINE_CHEST_W (ADULT),CT,1.0,Gen3
THORAX^ILD_BMI_GREATER_THAN_40 (ADULT),CT,1.0,Gen3
SPINE^NEW TOTAL SPINES (1/13),MR,1.0,Gen3
MRI BREAST BILATERAL WO W IV CONTRAST,MR,1.0,Gen3
THORAX^PEDS__PE_CHEST (CHILD),CT,1.0,Gen3
XR CHEST 2 VW W APICAL LORDOTIC,DX,1.0,Gen3
CHEST^CHEST WALL,MR,1.0,Gen3
KNEE - 3 VIEWS,DX,1.0,Gen3
CHESTPA WALL,DX,1.0,Gen3
L-SPINELAT WALL,DX,1.0,Gen3
PELVIS^ROUTINE,MR,1.0,Gen3
XR CHEST PA ONLY FOR PICC PLACEMENT,DX,1.0,Gen3
XR CHEST 4+ VIEWS,DX,1.0,Gen3
THORAX^PULMONARY_EMBOLISM_STUDY (ADULT),CT,1.0,Gen3
THORAX^PULMONARY_ANGIOGRAM (ADULT),CT,1.0,Gen3
KNEE COMPLETE LEFT 4 OR MORE VIEWS,DX,1.0,Gen3
MRI MRCP,MR,1.0,Gen3
WRIST COMPLETE RIGHT 3 VIEWS MIN,DX,1.0,Gen3
THORAX^PE_DE_UNDER_200 (ADULT),CT,1.0,Gen3
MRI L SPINE,MR,1.0,Gen3
THORAX^PE_CHEST_IRIS (ADULT),CT,1.0,Gen3
THORAX^LOW_DOSE_CHEST_LG (ADULT),CT,1.0,Gen3
XR CHEST AP LAT 2V,DX,1.0,Gen3
XR P PORT PELVIS 1-2 VIEWS,DX,1.0,Gen3
THORAX^MCV_CH_AB_PL_ROUTINE (ADULT),CT,1.0,Gen3
XR CHEST SINGLE VIEW PORTABLE,CR,1.0,Gen3
JHN CT CHEST WO OP,CT,1.0,Gen3
MRI SPINE LUMBAR WO IV CONTRAST,MR,1.0,Gen3
KNEE 2 VIEWS RIGHT,DX,1.0,Gen3
THORAX^ROUTINE_CONTRAST_CHEST_175LBS_ANDUNDER (ADULT),CT,1.0,Gen3
THORAX^CT_CA_WO (ADULT),CT,1.0,Gen3
C-SPINE 2019^CERVICAL ROUTINE 2019,MR,1.0,Gen3
RIGHT FOOT,MR,1.0,Gen3
SPINE L-SPINE,MR,1.0,Gen3
THORAX^LUNGLOWDOSE (ADULT),CT,1.0,Gen3
DX ADULT VP SHUNT SERIES,DX,1.0,Gen3
"X-RAY CHEST 1 VIEW, FRONTAL, PORTABLE",DX,1.0,Gen3
"X-RAY CHEST 1 VIEW, FRONTAL, PORTABLE",DX,1.0,Gen3
XR CHEST ABDOMEN,DX,1.0,Gen3
XR RIBS BILATERAL W PA CHEST,DX,1.0,Gen3
ANKLE 3 VIEWS RIGHT,DX,1.0,Gen3
DR CHEST PORTABLE,DX,1.0,Gen3
XR HIP RIGHT 2-3 VIEWS WWO PELVIS,DX,1.0,Gen3
DR CHEST ROUTINE 2 VIEWS,DX,1.0,Gen3
DX ABDOMEN PORTABLE ANTERIOR POSTERIOR 1 VIEW,DX,1.0,Gen3
THORAX^PE_CHEST_DSXXL (ADULT),CT,1.0,Gen3
QA SCAN^MQA_DAILY_QA,MR,1.0,Gen3
XR PELVIS LIMITED 1 OR 2 VIEW,DX,1.0,Gen3
THORACENTESIS LT 32555 US-CS,US,1.0,Gen3
THORACIC SPINE 3 VIEWS,DX,1.0,Gen3
XR CHEST PA FOR PICC PLACEMENT,DX,1.0,Gen3
XR CHEST LEFT DECUBITUS VIEW (RIGHT SIDE UP),DX,1.0,Gen3
FOOT RT,DX,1.0,Gen3
"GASTROGRAFIN CHALLENGE, ABDOMEN 1V, INITIAL",DX,1.0,Gen3
XR KNEES ANTEROPOSTERIOR STANDING BILATERAL,DX,1.0,Gen3
GD CHEST ONE VIEW,DX,1.0,Gen3
HAND RIGHT 3 VIEWS MIN,DX,1.0,Gen3
ABD UPRT VIEWONLY,DX,1.0,Gen3
THORAX^CT_CHEST_ANGIO_PE_W (ADULT),CT,1.0,Gen3
KNEE 3 VIEWS LEFT,DX,1.0,Gen3
FOOT 2 VIEWS RIGHT,DX,1.0,Gen3
ABDOMEN^ROUTINE (NEW),MR,1.0,Gen3
PET SARCOMA (W/LOW DOS,CTPT,1.0,Gen3
THORAX^CHEST_ROUTINE_WITHOUT (ADULT),CT,1.0,Gen3
SMALL BOWEL,DX,1.0,Gen3
KNEE 2 VIEWS LEFT,DX,1.0,Gen3
XR RIGHT ELBOW 3+ VIEWS,DX,1.0,Gen3
TIBIA AND FIBULA RIGHT 2 VIEWS,DX,1.0,Gen3
XR PELVIS COMPLETE MINIMUM 3 VIEWS,DX,1.0,Gen3
THORACIC SPINE 3 VIEWS-CS,DX,1.0,Gen3
FOOT - 2 VIEWS,DX,1.0,Gen3
XR KNEES BILATERAL,DX,1.0,Gen3
XR KNEES BILATERAL STANDING (3 VIEWS),DX,1.0,Gen3
THORAX^PE_ (ADULT),CT,1.0,Gen3
LUMBAR SACRAL SPINE 2/3 VIEWS,DX,1.0,Gen3
LUMBOSACRAL SP W/OBL ROUTINE-CS,DX,1.0,Gen3
THORAX^HI_RES_CHEST_UPDATE (ADULT),CT,1.0,Gen3
TUMOR LOCALWHOLE BODY SINGLE,NM,1.0,Gen3
XR CHEST 1 VIEW,PR,1.0,Gen3
"FOOT 3+ VIEWS, LEFT",DX,1.0,Gen3
XR FEET BILATERAL,DX,1.0,Gen3
CHEST-SINGLE VIEW (RAD)-CS,RF,1.0,Gen3
THORAX^CT_LUNG_CANCER_SCREENING_CHEST_WO (ADULT),CT,1.0,Gen3
FOREARM LEFT 2 VIEWS,DX,1.0,Gen3
THORAX^CT_CHEST_WO (ADULT),CT,1.0,Gen3
ABD^RAPID MRCP,MR,1.0,Gen3
GASTROGRAFIN SINGLE CONTRAST ENEMA,RF,1.0,Gen3
GENICULAR RFA LT,RF,1.0,Gen3
HIP RT MIN 2V W PEL 73502-CS,RF,1.0,Gen3
FOREARM RIGHT 2 VIEWS,DX,1.0,Gen3
"XR CHEST LATERAL, DECUBITUS, OR BUCKY",DX,1.0,Gen3
ABDOMINAL^GENERIC ABD_PEL,MR,1.0,Gen3
MR SPINE LUMBAR WWO CONTRAST,MR,1.0,Gen3
XR CHEST 2 VIEWS WITH OBLIQUES,DX,1.0,Gen3
RM CHEST PA OR AP,DX,1.0,Gen3
CHEST PE STUDY,CT,1.0,Gen3
CCHWO,CT,1.0,Gen3
CEHST PE IP,CT,1.0,Gen3
CHEST /A/ P IV IP,CT,1.0,Gen3
CHEST ABD PELVIS,CT,1.0,Gen3
CHEST CT WITHOUT CONTRAST,CT,1.0,Gen3
CHEST ER,CT,1.0,Gen3
CHEST IP IV,CT,1.0,Gen3
CHEST OP CARDIAC/PVEIN,CT,1.0,Gen3
CHEST PE  IP,CT,1.0,Gen3
CHEST PLAIN OP,CT,1.0,Gen3
CARDIAC PV OP,CT,1.0,Gen3
CHEST PULMONARY WITH,CT,1.0,Gen3
CHEST VENOGRAM IP,CT,1.0,Gen3
CHEST W/ OP,CT,1.0,Gen3
CHEST W/O,CT,1.0,Gen3
CHEST W/O IP,CT,1.0,Gen3
CHEST WC,CT,1.0,Gen3
CHEST WO ER,CT,1.0,Gen3
CHEST/ABD-PEL 3PHASE IP,CT,1.0,Gen3
CHEST/ABD-PEL IV ER,CT,1.0,Gen3
CARDIAC TRIPLE OP,CT,1.0,Gen3
CARDIAC MICS OP,CT,1.0,Gen3
CXR 2 VIEW,DX,1.0,Gen3
XR RIGHT KNEE 3 VIEWS,CR,1.0,Gen3
XR P PORT CHEST PA/LAT,CR,1.0,Gen3
XR PELVIS 1-2 VIEWS,CR,1.0,Gen3
XR POR CHEST 1V,CR,1.0,Gen3
XR PORT ABDOMEN COMPLETE DECUB & O*,CR,1.0,Gen3
XR PUI CHEST 2 VIEW,CR,1.0,Gen3
XR RIBS BILATERAL,CR,1.0,Gen3
XR RIBS BILATERAL WITH PA CHEST 4+ VW,CR,1.0,Gen3
"XR RIBS INCLUDING PA CHEST XR, BILATERAL",CR,1.0,Gen3
XR RIGHT ANKLE 3+ VIEWS,CR,1.0,Gen3
XR RIGHT TIBIA FIBULA 2 VIEWS,CR,1.0,Gen3
CARDIAC IP,CT,1.0,Gen3
XR SCAPULA RIGHT,CR,1.0,Gen3
XR SHOULDER LEFT (COMPLETE: IR/ER/GRASHEY/Y/AXILLARY),CR,1.0,Gen3
XR SHOULDER RIGHT (COMPLETE: IR/ER/GRASHEY/Y/AXILLARY),CR,1.0,Gen3
XR SPINE CERVICAL (AP+LAT+OBLS+SWIM+ODONTOID),CR,1.0,Gen3
XR SPINE LUMBAR (AP+LAT+OBLIQUES),CR,1.0,Gen3
ABDOMEN^DUAL_PHASE_ABDOMEN (ADULT),CT,1.0,Gen3
ABDOMEN^GH_ABDOMENROUTINE (ADULT),CT,1.0,Gen3
ABDOMEN^HEMATURIA_45_AND_UNDER (ADULT),CT,1.0,Gen3
CAP W/WO OP,CT,1.0,Gen3
CHEST/ABD-PELVIS WITH IP,CT,1.0,Gen3
CHEST/PELVIS OP,CT,1.0,Gen3
CAP WO IP,CT,1.0,Gen3
XR COVID-19 CHEST 1 VIEW PORTABLE,CR,1.0,Gen3
CAP 3D PANC,CT,1.0,Gen3
CAP 3D PANC IP,CT,1.0,Gen3
CAP COMBO,CT,1.0,Gen3
CAP COMBO OP,CT,1.0,Gen3
CAP ED,CT,1.0,Gen3
CAP ER,CT,1.0,Gen3
CAP ER TRAUMA,CT,1.0,Gen3
CAP PLAIN ER,CT,1.0,Gen3
XR CHEST 1 V PORTABLE CR,CR,1.0,Gen3
CHEST-PA ONLY,CR,1.0,Gen3
CAP W/O IP,CT,1.0,Gen3
CR CHEST - 2 VIEWS **,CR,1.0,Gen3
CHEST PA + LAT,CR,1.0,Gen3
DCH2,CR,1.0,Gen3
DG RIBS W/ CHEST 3+V*L*,CR,1.0,Gen3
DX CHEST DECUBITUS BILATERAL 1 VIEW,CR,1.0,Gen3
DX CHEST PORT LINE/TUBE PLCMT 3 EXAMS,CR,1.0,Gen3
DX CHEST PORT LINE/TUBE PLCMT 5 EXAMS,CR,1.0,Gen3
DX CHEST PORT PRONE,CR,1.0,Gen3
DX CHEST PORTABLE PICC LINE PLACEMENT,CR,1.0,Gen3
CAP 3D LIVER,CT,1.0,Gen3
CAP 3 PHASE LIVER,CT,1.0,Gen3
CAP,CT,1.0,Gen3
C/AP WO OP,CT,1.0,Gen3
ABDOMEN^HEMATURIA_GREATERTHAN45 (ADULT),CT,1.0,Gen3
CAP TRIPLE IP,CT,1.0,Gen3
ABDOMEN^MARKS_CAILLATT_PROTOCOL (ADULT),CT,1.0,Gen3
ABDOMEN^RENAL_MASS (ADULT),CT,1.0,Gen3
ABDOMEN^ROUTINE_AP_WITH_OVER_50_OVER_250 (ADULT),CT,1.0,Gen3
ABDOMEN^STONE_FULL (ADULT),CT,1.0,Gen3
ABDOMEN^STONE_LOW_DOSE_1 (ADULT),CT,1.0,Gen3
ABDOMEN^STONE_XXL (ADULT),CT,1.0,Gen3
C/A/P 3 PHASE IP,CT,1.0,Gen3
C/A/P ER,CT,1.0,Gen3
C/A/P IP 3D PANC,CT,1.0,Gen3
C/A/P IP ADRENAL,CT,1.0,Gen3
C/A/P IV IP,CT,1.0,Gen3
C/A/P OP,CT,1.0,Gen3
C/A/P OP 3PHAZ,CT,1.0,Gen3
C/A/P OP TAVAR,CT,1.0,Gen3
C/A/P OP W/O,CT,1.0,Gen3
C/A/P TAVR OP,CT,1.0,Gen3
C/A/P W/O IP,CT,1.0,Gen3
XR P PORT CHEST 1V - RFO,CR,1.0,Gen3
XR P PORT ABDOMEN COMPLETE DECUB &*,CR,1.0,Gen3
XR P PORT ABD COMP SERIES W CHEST,CR,1.0,Gen3
XR CHEST 1 VW ABDOMEN 1 VW,DX,1.0,Gen3
CT CHEST W/O,CT,1.0,Gen3
CT CHEST W/O,CT,1.0,Gen3
VASCULAR^_DISSECTION_CHEST_ONLY (ADULT),CT,1.0,Gen3
ABDOMEN^GREENSBORO,MR,1.0,Gen3
VASCULAR^VENOUS_ABDPEL_LESS45 (ADULT),CT,1.0,Gen3
ACUTE ABD CHILD,DX,1.0,Gen3
VASCULAR^VASC02_CTA_AAA_W_DELAY (ADULT),CT,1.0,Gen3
CHEST SINGLE VIEW,DX,1.0,Gen3
XR CHEST WITH OBLIQUE,DX,1.0,Gen3
XR CHEST SINGLE VIEW - LINE PLACEMENT,DX,1.0,Gen3
VASCULAR^HEAD_NECK_CTA (ADULT),CT,1.0,Gen3
FOOT,MR,1.0,Gen3
ELBOW,MR,1.0,Gen3
VASCULAR^RENAL_CTA (ADULT),CT,1.0,Gen3
CHEST X-RAY,DX,1.0,Gen3
CHEST XRAY 2 VIEW (PA & LATE,DX,1.0,Gen3
XR CHEST RIGHT DECUBITUS VIEW (LEFT SIDE UP),DX,1.0,Gen3
XR ELBOW RIGHT (LIMITED: AP LAT),DX,1.0,Gen3
VASCULAR^POST_THORACIC_STENT (ADULT),CT,1.0,Gen3
ABDOMINAL^LIVER,MR,1.0,Gen3
E+1 CT ANGIO CHEST W,CT,1.0,Gen3
E+1 CT CHEST  ABDOMEN PELVIS WO,CT,1.0,Gen3
E+1 CT CHEST ABDOMEN PELVIS WITHOUT CONTRAST,CT,1.0,Gen3
E+1 CT CHEST W,CT,1.0,Gen3
MR SPINE THORACIC WO CONTRAST,MR,1.0,Gen3
THORAX^XL_PE_ABD_PELVIS (ADULT),CT,1.0,Gen3
MRI ABD WO IV CONT,MR,1.0,Gen3
XR HAND LEFT (ROUTINE: AP LAT OBL),DX,1.0,Gen3
XR CHEST 2 VW,DX,1.0,Gen3
"XR HAND LEFT (ROUTINE: AP,LAT,OBL)",DX,1.0,Gen3
"XR CHEST PA, LATERAL, OBLIQUES",DX,1.0,Gen3
"XR CHEST PA, LATERAL AND APICAL LORDO",DX,1.0,Gen3
XR RIGHT HIP 2-3 VIEWS (UNILATERAL) WITH PELVIS WHEN PERFORMED,DX,1.0,Gen3
CHEST 2 VIEW,DX,1.0,Gen3
MRI ABDOMEN W/ + W/O CONTRAST,MR,1.0,Gen3
"XR HAND RIGHT (ROUTINE: AP,LAT,OBL)",DX,1.0,Gen3
THORAX^XL_CAP_WO_CUSTOMIZED (ADULT),CT,1.0,Gen3
OBSTRUCTION  SERIES,DX,1.0,Gen3
XR HANDS BILATERAL (1-2 VIEWS),DX,1.0,Gen3
"XR FOOT LEFT (ROUTINE: AP,LAT,OBL)",DX,1.0,Gen3
XR FOREARM (RADIUS/ULNA) LEFT,DX,1.0,Gen3
XR SPINE CERVICAL (4 VIEWS - AP+LAT+FLEX/EX)*,DX,1.0,Gen3
XR SPINE CERVICAL (LATERAL ONLY - FLEX/EX),DX,1.0,Gen3
HAND LEFT 3 VIEWS MIN,DX,1.0,Gen3
ANKLE RIGHT MIN 3 VIEWS,DX,1.0,Gen3
XR LEFT WRIST 3+ VIEWS,CR,1.0,Gen3
XR SPINE THORACIC (3 VIEWS - AP+LAT BENDING),CR,1.0,Gen3
ABDOMEN^CTA_RUNOFF (ADULT),CT,1.0,Gen3
ABDOMEN^CT_ABDOMEN_WITH (ADULT),CT,1.0,Gen3
ABDOMEN^CT_AP_GI_BLEED_ISCHEMIC_BOWEL_WWO (ADULT),CT,1.0,Gen3
ABDOMEN^CT_AP_WITH_L_SPINE_MPRS (ADULT),CT,1.0,Gen3
ABDOMEN^CT_MARKS_CAILLAT_AP_RENAL (ADULT),CT,1.0,Gen3
ABDOMEN^CT_UROGRAM_STONE (ADULT),CT,1.0,Gen3
ABDOMEN^DE_CTA_AAA (ADULT),CT,1.0,Gen3
ABDOMEN^DE_ROUTINE_AP_WITH_UNDER_50 (ADULT),CT,1.0,Gen3
ABDOMEN^DE_STONE_STUDY (ADULT),CT,1.0,Gen3
XR SPINE LUMBAR (LATERAL ONLY),CR,1.0,Gen3
CSPINE^ROUTINE 2013,MR,1.0,Gen3
XR SPINE LUMBAR (LATERAL ONLY  FLEX/EX),CR,1.0,Gen3
"XR SPINE LUMBAR (AP+LAT, SUPINE+UPRIGHT)",CR,1.0,Gen3
XR CHEST INFANT 2 VIEW,CR,1.0,Gen3
"XR HAND LEFT (LIMITED: AP,LAT)",CR,1.0,Gen3
"XR HAND LEFT (ROUTINE: AP,LAT,OBL)",CR,1.0,Gen3
"XR HAND RIGHT (ROUTINE: AP,LAT,OBL)",CR,1.0,Gen3
XR HUMERUS LEFT,CR,1.0,Gen3
XR IVP W TOMOGRAMS,CR,1.0,Gen3
XR LEFT KNEE 3 VIEWS,CR,1.0,Gen3
ABDOMEN^CTA_ABD_PEL_RUNOFF_UNDER_250LB_CUSTOMIZED (ADULT),CT,1.0,Gen3
ABDOMEN^ABD_WITHXXL_GR (ADULT),CT,1.0,Gen3
ABDOMEN^ABDOMEN_PELVIS_W_WO (ADULT),CT,1.0,Gen3
ABDOMEN^ABDOMEN_PELVIS_WO_WITH (ADULT),CT,1.0,Gen3
CT OUTSIDE ABDOMEN PELVIS W INTERPRETATION OR CONSULT,CT,1.0,Gen3
THORAX^CT_CAP_WITH_T_AND_L_SPINE_MPRS (ADULT),CT,1.0,Gen3
ABDOMEN^AB02A_AP_W (ADULT),CT,1.0,Gen3
XR SPINE THORACIC (3 VIEWS),CR,1.0,Gen3
XR SPINE THORACIC 2 VIEWS,CR,1.0,Gen3
XR THUMB RIGHT,CR,1.0,Gen3
"XR WRIST RIGHT (ROUTINE: AP,LAT,OBL)",CR,1.0,Gen3
XRAY CHEST 2 VIEWS,CR,1.0,Gen3
CHEST PORT 1 VIEW (RAD)-CS,"CR,DX",1.0,Gen3
CHEST 2 VIEWS FRONTAL AND LAT,"CR,DX",1.0,Gen3
DX CHEST (2 VIEWS),"CR,DX",1.0,Gen3
DX CHEST A-P/PA (SINGLE VIEW),"CR,DX",1.0,Gen3
XR CHEST AP PORTABLE,"CR,DX",1.0,Gen3
ABD_PELVIS 61_100LB(CHILD),CT,1.0,Gen3
ABDOMEN^10_STONE_STUDY (ADULT),CT,1.0,Gen3
ABDOMEN^13_TRAUMA_CAP (ADULT),CT,1.0,Gen3
ABDOMEN^9_UROGRAM_UNDER_35 (ADULT),CT,1.0,Gen3
ABDOMEN^ABDOMEN_PELVIS_W (ADULT),CT,1.0,Gen3
ABDOMEN^ABDOMEN_PELVIS_WO (ADULT),CT,1.0,Gen3
LD DSA ABD,XA,1.0,Gen3
